0;96
60;96
120;96
180;96
240;96
300;96
360;96
420;96
480;96
540;96
600;96
660;96
720;96
780;96
840;96
900;96
960;96
1020;96
1080;96
1140;96
1200;96
1260;96
1320;96
1380;96
1440;96
1500;96
1560;96
1620;96
1680;96
1740;96
1800;96
1860;96
1920;96
1980;96
2040;96
2100;96
2160;96
2220;96
2280;96
2340;96
2400;96
2460;96
2520;96
2580;96
2640;96
2700;96
2760;96
2820;96
2880;96
2940;96
3000;96
3060;96
3120;96
3180;96
3240;96
3300;96
3360;96
3420;96
3480;96
3540;96
3600;96
3660;96
3720;96
3780;96
3840;96
3900;96
3960;96
4020;96
4080;96
4140;96
4200;96
4260;96
4320;96
4380;96
4440;96
4500;96
4560;96
4620;96
4680;96
4740;96
4800;96
4860;96
4920;96
4980;96
5040;96
5100;96
5160;96
5220;96
5280;96
5340;96
5400;96
5460;96
5520;96
5580;96
5640;96
5700;96
5760;96
5820;96
5880;96
5940;96
6000;96
6060;96
6120;96
6180;96
6240;96
6300;96
6360;96
6420;96
6480;96
6540;96
6600;96
6660;96
6720;96
6780;96
6840;96
6900;96
6960;96
7020;96
7080;96
7140;96
7200;96
7260;96
7320;96
7380;96
7440;96
7500;96
7560;96
7620;96
7680;96
7740;96
7800;96
7860;96
7920;96
7980;96
8040;96
8100;96
8160;96
8220;96
8280;96
8340;96
8400;96
8460;96
8520;96
8580;96
8640;96
8700;96
8760;96
8820;96
8880;96
8940;96
9000;96
9060;96
9120;96
9180;96
9240;96
9300;96
9360;96
9420;96
9480;96
9540;96
9600;96
9660;96
9720;96
9780;96
9840;96
9900;96
9960;96
10020;96
10080;96
10140;96
10200;96
10260;96
10320;96
10380;96
10440;96
10500;96
10560;96
10620;96
10680;96
10740;96
10800;96
10860;96
10920;96
10980;96
11040;96
11100;96
11160;96
11220;96
11280;96
11340;96
11400;96
11460;96
11520;96
11580;96
11640;96
11700;96
11760;96
11820;96
11880;96
11940;96
12000;96
12060;96
12120;96
12180;96
12240;96
12300;96
12360;96
12420;96
12480;96
12540;96
12600;96
12660;96
12720;96
12780;96
12840;96
12900;96
12960;96
13020;96
13080;95.625
13140;95
13200;95
13260;95
13320;95
13380;95
13440;95
13500;95
13560;95
13620;95
13680;95
13740;95
13800;95
13860;95
13920;95
13980;95
14040;95
14100;95
14160;95
14220;95
14280;95
14340;95
14400;95
14460;95
14520;95
14580;95
14640;95
14700;95
14760;95
14820;95
14880;95
14940;95
15000;95
15060;95
15120;95
15180;94.625
15240;94
15300;94
15360;94
15420;94
15480;94
15540;94
15600;94
15660;94
15720;94
15780;94
15840;94
15900;94
15960;94
16020;94
16080;94
16140;94
16200;94
16260;94
16320;94
16380;94
16440;94
16500;94
16560;94
16620;94
16680;94
16740;94
16800;94
16860;94
16920;94
16980;94
17040;94
17100;94
17160;94
17220;94
17280;93.59375
17340;93
17400;93.34375
17460;93.625
17520;93
17580;93.375
17640;94
17700;94
17760;94
17820;94
17880;94
17940;94
18000;94
18060;93.625
18120;93
18180;93
18240;93
18300;93.375
18360;93.625
18420;93.375
18480;94
18540;93.625
18600;93
18660;93
18720;93
18780;93
18840;93
18900;93
18960;93
19020;92.625
19080;92
19140;92
19200;92
19260;92.5
19320;93
19380;93
19440;93
19500;93
19560;92.625
19620;92
19680;92
19740;92
19800;92
19860;92
19920;92
19980;92
20040;92
20100;92.375
20160;93
20220;93
20280;92.625
20340;92
20400;92
20460;92.375
20520;92.625
20580;92
20640;92
20700;92
20760;92
20820;92
20880;92
20940;92
21000;92
21060;92.375
21120;93
21180;92.625
21240;92
21300;92.375
21360;92.625
21420;92
21480;92
21540;92
21600;92
21660;92
21720;92.40625
21780;93
21840;93
21900;93
21960;93
22020;93
22080;93
22140;93
22200;93
22260;92.625
22320;92.375
22380;93
22440;93
22500;93
22560;93
22620;93
22680;93
22740;93
22800;93
22860;93
22920;93
22980;93
23040;93
23100;93
23160;93
23220;93
23280;93
23340;93
23400;93
23460;93
23520;93
23580;93
23640;93
23700;93
23760;93
23820;93
23880;93
23940;93
24000;93
24060;93
24120;93
24180;93
24240;93
24300;93
24360;93
24420;93
24480;93
24540;93
24600;93
24660;93
24720;93
24780;93
24840;93
24900;93
24960;93
25020;93
25080;93
25140;93
25200;93
25260;93
25320;93
25380;93
25440;93
25500;93
25560;93
25620;93
25680;93
25740;93
25800;93
25860;93
25920;93.375
25980;94
26040;94
26100;93.625
26160;93
26220;93
26280;93
26340;93
26400;93
26460;93
26520;93
26580;93
26640;93
26700;93
26760;93
26820;93
26880;93.375
26940;93.625
27000;93
27060;93.375
27120;94
27180;93.625
27240;93
27300;93
27360;93
27420;93
27480;93
27540;93
27600;93
27660;93
27720;93
27780;93
27840;93
27900;93
27960;93
28020;93
28080;93
28140;93
28200;93
28260;93
28320;93
28380;93
28440;93
28500;93
28560;93.375
28620;94
28680;94
28740;94
28800;93.625
28860;93.375
28920;94
28980;94
29040;94
29100;94
29160;94
29220;94
29280;94
29340;94
29400;94
29460;94
29520;94
29580;94
29640;94
29700;94
29760;94
29820;94
29880;94
29940;94
30000;94
30060;94
30120;94
30180;94
30240;94
30300;94
30360;94
30420;94
30480;94
30540;94
30600;94
30660;94
30720;94
30780;94
30840;94
30900;94
30960;94
31020;94
31080;94
31140;94
31200;94
31260;94
31320;94
31380;94
31440;94
31500;94
31560;94
31620;94
31680;94
31740;94
31800;94
31860;94
31920;94
31980;94
32040;94
32100;94
32160;94
32220;94
32280;94
32340;94
32400;94
32460;94
32520;94
32580;94
32640;94
32700;94
32760;94
32820;94
32880;94
32940;94
33000;94
33060;94.375
33120;95
33180;95
33240;95
33300;94.625
33360;94
33420;94
33480;94.375
33540;95
33600;95
33660;95
33720;95
33780;95
33840;95
33900;95
33960;95
34020;95
34080;95
34140;95
34200;95
34260;95
34320;95
34380;95
34440;95
34500;95
34560;95
34620;95
34680;95
34740;95
34800;95
34860;95
34920;94.625
34980;94
35040;94
35100;94
35160;94.375
35220;95
35280;95
35340;95
35400;95
35460;95
35520;95
35580;95
35640;95
35700;95
35760;95
35820;95
35880;95
35940;95
36000;95
36060;95
36120;95
36180;95
36240;95
36300;95
36360;95
36420;95
36480;95
36540;95
36600;95
36660;95
36720;95
36780;95
36840;95
36900;95
36960;95
37020;95
37080;95
37140;95
37200;95
37260;95
37320;95
37380;95
37440;95
37500;95
37560;95
37620;95
37680;95
37740;95
37800;95
37860;95
37920;95
37980;95
38040;95
38100;95
38160;95
38220;95
38280;95
38340;95
38400;95
38460;95
38520;95
38580;95
38640;95
38700;95
38760;95
38820;95
38880;95
38940;95
39000;95
39060;95
39120;95
39180;95
39240;95
39300;95
39360;95
39420;95
39480;95
39540;95
39600;95
39660;95
39720;95
39780;95
39840;95
39900;95
39960;95
40020;95
40080;95
40140;95
40200;95
40260;95
40320;95
40380;95
40440;95
40500;95
40560;95
40620;95
40680;95
40740;95
40800;95
40860;95
40920;95
40980;95
41040;95
41100;95
41160;95
41220;95
41280;95
41340;95
41400;95
41460;95
41520;95
41580;95
41640;95
41700;95
41760;95
41820;95
41880;95
41940;95
42000;95
42060;95
42120;95
42180;95
42240;95
42300;95
42360;95
42420;95
42480;95
42540;95.375
42600;95.625
42660;95
42720;95
42780;95.375
42840;96
42900;96
42960;96
43020;96
43080;96
43140;96
43200;96
43260;96
43320;96
43380;96
43440;96
43500;96
43560;96
43620;96
43680;96
43740;96
43800;96
43860;96
43920;96
43980;95.625
44040;95
44100;95.375
44160;95.625
44220;95
44280;95
44340;95
44400;95
44460;95.375
44520;95.625
44580;95
44640;95.375
44700;96
44760;96
44820;95.625
44880;95
44940;95
45000;95
45060;95
45120;95
45180;95
45240;95
45300;95
45360;95
45420;95
45480;95
45540;95
45600;95.375
45660;96
45720;96
45780;96
45840;96
45900;96
45960;96
46020;96
46080;96
46140;96
46200;96
46260;96
46320;96
46380;96
46440;96
46500;96
46560;96
46620;96
46680;96
46740;96
46800;96
46860;96
46920;96
46980;96
47040;96
47100;96
47160;96
47220;96
47280;96
47340;96
47400;96
47460;96
47520;96
47580;96
47640;96
47700;96
47760;96
47820;96
47880;96
47940;96
48000;96
48060;96
48120;96
48180;96
48240;96
48300;96
48360;96
48420;96
48480;96
48540;96
48600;96
48660;96
48720;96
48780;96
48840;96
48900;96
48960;96
49020;96
49080;96
49140;96
49200;96
49260;96
49320;96
49380;96
49440;96
49500;96
49560;96
49620;96
49680;96
49740;96
49800;96
49860;96
49920;96
49980;96
50040;96
50100;96
50160;96
50220;96
50280;96
50340;96
50400;96
50460;96
50520;96
50580;96
50640;96
50700;96
50760;96
50820;96
50880;96
50940;96
51000;96
51060;96
51120;96
51180;96
51240;96
51300;96
51360;96
51420;96
51480;96
51540;96
51600;96
51660;96
51720;96
51780;96
51840;96
51900;96
51960;96
52020;96
52080;96
52140;96
52200;96
52260;96
52320;96
52380;96
52440;96
52500;96
52560;96
52620;96
52680;96
52740;96
52800;96
52860;96
52920;96
52980;96
53040;96
53100;96
53160;96
53220;96
53280;96
53340;96
53400;96
53460;96
53520;96
53580;96
53640;96
53700;96
53760;96
53820;96
53880;96
53940;96
54000;96
54060;96
54120;96
54180;96
54240;96
54300;96
54360;96
54420;96
54480;96
54540;96
54600;96
54660;96
54720;96
54780;96
54840;96
54900;96
54960;96
55020;96
55080;96
55140;96
55200;96
55260;96
55320;96
55380;96
55440;96
55500;96
55560;96
55620;96
55680;96
55740;96
55800;96
55860;96
55920;96
55980;96
56040;96
56100;96
56160;96
56220;96
56280;96
56340;96
56400;96
56460;96
56520;96
56580;96
56640;96
56700;96
56760;96
56820;96
56880;96
56940;96
57000;96
57060;96
57120;96
57180;96
57240;96
57300;96
57360;96
57420;96
57480;96
57540;96
57600;96
57660;96
57720;96
57780;96
57840;96
57900;96
57960;96
58020;96
58080;96
58140;96
58200;96
58260;96
58320;96
58380;96
58440;96
58500;96
58560;96
58620;96
58680;96
58740;96
58800;96
58860;96
58920;96
58980;96
59040;96
59100;96
59160;96
59220;96
59280;96
59340;96
59400;96
59460;96
59520;96
59580;96
59640;96
59700;96
59760;96
59820;96
59880;96
59940;96
60000;96
60060;96
60120;96
60180;96
60240;96
60300;96
60360;96
60420;96
60480;96
60540;96
60600;96
60660;96
60720;96
60780;96
60840;96
60900;96
60960;96
61020;96
61080;96
61140;96
61200;96
61260;96
61320;96
61380;96
61440;96
61500;96
61560;96
61620;96
61680;96.375
61740;97
61800;97
61860;97
61920;97
61980;97
62040;97
62100;97
62160;97
62220;97
62280;97
62340;97
62400;97
62460;97
62520;97
62580;97
62640;97
62700;97
62760;97
62820;97
62880;97
62940;97
63000;97
63060;97
63120;97
63180;97
63240;97
63300;97
63360;97
63420;97
63480;97
63540;97
63600;97
63660;97
63720;97
63780;97
63840;96.625
63900;96
63960;96
64020;96
64080;96
64140;96
64200;96
64260;96
64320;96
64380;96
64440;96
64500;96
64560;96
64620;96
64680;96
64740;96
64800;96
64860;96
64920;96
64980;96
65040;96
65100;96
65160;96
65220;96
65280;96
65340;96
65400;96
65460;96
65520;96
65580;96
65640;96
65700;96
65760;96
65820;96
65880;96
65940;96
66000;96.375
66060;96.65625
66120;96
66180;96.375
66240;97
66300;97
66360;96.55172414
66420;96.375
66480;96.625
66540;96.375
66600;96.625
66660;96.375
66720;97
66780;97
66840;96.625
66900;96.375
66960;96.625
67020;96.375
67080;97
67140;97
67200;97
67260;97
67320;96.625
67380;96.375
67440;97
67500;97
67560;97
67620;96.625
67680;96.375
67740;97
67800;97
67860;97
67920;97
67980;97
68040;97
68100;97
68160;97
68220;97
68280;97
68340;97
68400;97
68460;97
68520;97
68580;97
68640;97
68700;97
68760;96.625
68820;96.375
68880;96.625
68940;96
69000;96.375
69060;96.625
69120;96
69180;96
69240;96
69300;96
69360;96
69420;96
69480;96
69540;96
69600;96
69660;96
69720;96
69780;96.34375
69840;96.625
69900;96
69960;96
70020;96
70080;96.375
70140;96.625
70200;96.375
70260;96.625
70320;96
70380;96.375
70440;96.625
70500;96.375
70560;97
70620;97
70680;97
70740;97
70800;97
70860;97
70920;97
70980;97
71040;97
71100;97
71160;97
71220;97
71280;97
71340;97
71400;97
71460;97
71520;97
71580;97
71640;97
71700;97
71760;97
71820;97
71880;97
71940;97
72000;97
72060;97
72120;97
72180;97
72240;97
72300;97
72360;97
72420;97
72480;97
72540;97
72600;97
72660;97
72720;97
72780;97
72840;97
72900;97
72960;97
73020;97
73080;97
73140;97
73200;97
73260;97
73320;97
73380;97
73440;97
73500;97
73560;97
73620;97
73680;97
73740;97
73800;97
73860;97
73920;97
73980;97
74040;97
74100;97
74160;97
74220;97
74280;97
74340;97
74400;97
74460;97
74520;97
74580;97
74640;97
74700;97
74760;97
74820;97
74880;97
74940;97
75000;97
75060;97
75120;97
75180;97
75240;97
75300;97
75360;97
75420;97
75480;97
75540;97
75600;97
75660;97
75720;97
75780;97
75840;97
75900;97
75960;97
76020;97
76080;97
76140;97
76200;97
76260;97
76320;97
76380;97
76440;97
76500;97
76560;97
76620;97
76680;97
76740;97
76800;97
76860;97
76920;97
76980;97
77040;97
77100;97
77160;97
77220;97
77280;97
77340;97
77400;97
77460;97
77520;97
77580;97
77640;97
77700;97
77760;97
77820;97
77880;97
77940;97
78000;97
78060;97
78120;97
78180;97
78240;97
78300;97
78360;97
78420;97
78480;97
78540;97
78600;97
78660;97
78720;97
78780;97
78840;97
78900;97
78960;97
79020;97
79080;97
79140;97
79200;97
79260;97
79320;97
79380;97
79440;97
79500;97
79560;97
79620;97
79680;97
79740;97
79800;97
79860;97
79920;97
79980;97
80040;97
80100;97
80160;97
80220;97
80280;97
80340;97
80400;97
80460;97
80520;97
80580;97
80640;97
80700;97
80760;97
80820;97
80880;97
80940;97
81000;97
81060;97
81120;97
81180;97
81240;97
81300;97
81360;97
81420;97
81480;97
81540;97
81600;97
81660;97
81720;97
81780;97
81840;97
81900;97
81960;97
82020;97
82080;97
82140;97
82200;97
82260;97
82320;97
82380;97
82440;97
82500;97
82560;97
82620;97
82680;97
82740;97
82800;97
82860;97
82920;97
82980;97
83040;97
83100;97
83160;97
83220;97
83280;97
83340;97
83400;97
83460;97
83520;97
83580;97
83640;97
83700;97
83760;97
83820;97
83880;97
83940;97
84000;97
84060;97
84120;97
84180;97
84240;97
84300;97
84360;97
84420;97
84480;97
84540;97
84600;97
84660;97
84720;97
84780;97
84840;97
84900;97
84960;97
85020;97
85080;97
85140;97
85200;97
85260;97
85320;97
85380;97
85440;97
85500;97
85560;97
85620;97
85680;97
85740;97
85800;97
85860;97
85920;97
85980;97
86040;97
86100;97
86160;97
86220;97
86280;97
86340;97
86400;97
86460;97
86520;97
86580;97
86640;97
86700;97
86760;97
86820;97
86880;97
86940;97
87000;97
87060;97
87120;97
87180;97
87240;97
87300;97
87360;97
87420;97
87480;97
87540;97
87600;97
87660;97
87720;97
87780;97
87840;97
87900;97
87960;97
88020;97
88080;97
88140;97
88200;97
88260;97
88320;97
88380;97
88440;97
88500;97
88560;97
88620;97
88680;97
88740;97
88800;97
88860;97
88920;97
88980;97
89040;97
89100;97
89160;97
89220;97
89280;97
89340;97
89400;97
89460;97
89520;97
89580;97
89640;97
89700;97
89760;97
89820;97
89880;97
89940;97
90000;97
90060;97
90120;97
90180;97
90240;97
90300;97
90360;97
90420;97
90480;97
90540;97
90600;97
90660;97
90720;97
90780;97
90840;97
90900;97
90960;97
91020;97
91080;97
91140;97
91200;97
91260;97
91320;97
91380;97
91440;97
91500;97
91560;97
91620;97
91680;97
91740;97
91800;97
91860;97
91920;97
91980;97
92040;97
92100;97
92160;97
92220;97
92280;97
92340;97
92400;97
92460;97
92520;97
92580;97
92640;97
92700;97
92760;97
92820;97
92880;97
92940;97
93000;97
93060;97
93120;97
93180;97
93240;97
93300;97
93360;97
93420;97
93480;97
93540;97
93600;97
93660;97
93720;97
93780;97
93840;97
93900;97
93960;97
94020;97
94080;97
94140;97
94200;97
94260;97
94320;97
94380;97
94440;97
94500;97
94560;97
94620;97
94680;97
94740;97
94800;97
94860;97
94920;97
94980;97
95040;97
95100;97
95160;97
95220;97
95280;97
95340;97
95400;97
95460;97
95520;97
95580;97
95640;97
95700;97
95760;97
95820;96.625
95880;96
95940;96
96000;96
96060;96
96120;96
96180;96
96240;96
96300;96
96360;96
96420;96
96480;96
96540;96
96600;96
96660;96
96720;96
96780;96
96840;96
96900;96
96960;96
97020;96
97080;96
97140;96
97200;96
97260;96
97320;96
97380;96
97440;96
97500;96
97560;96
97620;96
97680;96
97740;96
97800;96
97860;96
97920;96
97980;96
98040;96
98100;96
98160;95.67741935
98220;95
98280;95
98340;95
98400;95
98460;95
98520;95
98580;95
98640;95
98700;95
98760;95
98820;95
98880;95
98940;95
99000;95
99060;94.625
99120;94
99180;94
99240;94
99300;94
99360;94
99420;94
99480;94
99540;94
99600;94
99660;94
99720;94
99780;94
99840;94
99900;94
99960;94
100020;94
100080;94
100140;94
100200;94
100260;94
100320;94
100380;94
100440;94
100500;93.53125
100560;93
100620;93
100680;93
100740;93
100800;93
100860;93
100920;93
100980;93
101040;93
101100;93
101160;93
101220;93
101280;93
101340;93
101400;93
101460;93
101520;93
101580;93
101640;93
101700;93
101760;93
101820;93
101880;93
101940;93
102000;93
102060;93
102120;93
102180;93
102240;93
102300;93
102360;93
102420;93
102480;93
102540;93
102600;93
102660;93
102720;93
102780;93
102840;93
102900;93
102960;93
103020;93
103080;93
103140;92.625
103200;92
103260;92
103320;92
103380;92
103440;92
103500;92
103560;92
103620;92
103680;92.40625
103740;93
103800;93
103860;93
103920;92.625
103980;92
104040;92
104100;92
104160;92
104220;92
104280;92
104340;92
104400;92
104460;92
104520;92
104580;92
104640;92
104700;92
104760;92.375
104820;93
104880;93
104940;93
105000;92.625
105060;92
105120;92
105180;92
105240;92.375
105300;93
105360;93
105420;93
105480;93
105540;93
105600;93
105660;93
105720;93
105780;93
105840;93
105900;93
105960;93
106020;93
106080;93
106140;93
106200;93
106260;93
106320;93
106380;93
106440;93
106500;93
106560;93
106620;93
106680;93
106740;93
106800;93
106860;93
106920;93
106980;93
107040;93
107100;93.375
107160;93.80769231
107220;93
107280;93
107340;93
107400;93
107460;93
107520;93.375
107580;94
107640;94
107700;94
107760;93.625
107820;93
107880;93
107940;93
108000;93
108060;93
108120;93.375
108180;94
108240;94
108300;94
108360;94
108420;94
108480;94
108540;94
108600;94
108660;94
108720;94
108780;94
108840;94
108900;94
108960;94
109020;94
109080;94
109140;94
109200;94
109260;94
109320;94
109380;94
109440;94
109500;94
109560;94
109620;94
109680;94
109740;94
109800;94
109860;94
109920;94
109980;94
110040;94
110100;94
110160;94
110220;94
110280;94
110340;94
110400;94
110460;93.625
110520;93.375
110580;93.625
110640;93
110700;93
110760;93
110820;93.375
110880;93.5625
110940;93
111000;93.375
111060;94
111120;94
111180;94
111240;94
111300;94
111360;94
111420;93.625
111480;93
111540;93
111600;93
111660;93
111720;93
111780;93.375
111840;94
111900;94
111960;93.625
112020;93
112080;93
112140;93
112200;93.375
112260;94
112320;94
112380;94
112440;93.625
112500;93
112560;93.375
112620;94
112680;94
112740;94
112800;94
112860;94
112920;94
112980;94
113040;94
113100;94
113160;94
113220;94
113280;94
113340;94
113400;94
113460;94
113520;94
113580;94
113640;94
113700;94
113760;94
113820;94
113880;94
113940;94
114000;94
114060;94
114120;94
114180;94
114240;94
114300;94
114360;94
114420;94
114480;94
114540;94
114600;94
114660;94
114720;94
114780;94
114840;94
114900;94
114960;94
115020;94
115080;94
115140;94
115200;94
115260;94
115320;94
115380;94
115440;94
115500;94
115560;94
115620;94
115680;94
115740;94
115800;94
115860;94
115920;94
115980;94
116040;94
116100;94
116160;94
116220;94
116280;94
116340;94
116400;94
116460;94
116520;94
116580;94
116640;94
116700;94
116760;94
116820;94
116880;94
116940;94
117000;94
117060;94
117120;94
117180;94
117240;94
117300;94
117360;94
117420;94
117480;94
117540;94
117600;94
117660;94
117720;94
117780;94
117840;94
117900;94
117960;94
118020;94
118080;94
118140;94
118200;94
118260;94
118320;94.375
118380;95
118440;94.625
118500;94
118560;94
118620;94.375
118680;95
118740;94.625
118800;94
118860;94
118920;94
118980;94.375
119040;95
119100;95
119160;95
119220;95
119280;95
119340;95
119400;95
119460;95
119520;95
119580;95
119640;94.625
119700;94
119760;94.375
119820;95
119880;95
119940;95
120000;94.625
120060;94
120120;94
120180;94
120240;94
120300;94
120360;94
120420;94
120480;94
120540;94.375
120600;95
120660;95
120720;95
120780;95
120840;95
120900;95
120960;95
121020;95
121080;95
121140;95
121200;95
121260;95
121320;95
121380;95
121440;95
121500;95
121560;95
121620;95
121680;95
121740;95
121800;95
121860;95
121920;95
121980;95
122040;95
122100;95
122160;95
122220;95
122280;95
122340;95
122400;95
122460;95
122520;95
122580;95
122640;95
122700;95
122760;95
122820;95
122880;95
122940;95
123000;95
123060;95
123120;95
123180;95
123240;95
123300;95
123360;95
123420;95
123480;95
123540;95
123600;95
123660;95
123720;95
123780;95
123840;95
123900;95
123960;95
124020;95
124080;95
124140;95
124200;95
124260;95
124320;95
124380;95
124440;95
124500;95
124560;95
124620;95
124680;95
124740;95
124800;95
124860;95
124920;95
124980;95
125040;95
125100;95
125160;95
125220;95
125280;95
125340;95
125400;95
125460;95
125520;95
125580;95
125640;95
125700;95
125760;95
125820;95
125880;95
125940;95
126000;95
126060;95
126120;95
126180;95
126240;95
126300;95
126360;95
126420;95
126480;95
126540;95
126600;95
126660;95
126720;95
126780;95
126840;95
126900;95
126960;95
127020;95
127080;95
127140;95
127200;95
127260;95
127320;95
127380;95
127440;95
127500;95
127560;95
127620;95
127680;95
127740;95
127800;95
127860;95
127920;95
127980;95
128040;95
128100;95
128160;95
128220;95
128280;95
128340;95
128400;95
128460;95
128520;95
128580;95
128640;95
128700;95
128760;95
128820;95
128880;95
128940;95
129000;95
129060;95
129120;95
129180;95
129240;95
129300;95
129360;95
129420;95
129480;95
129540;95
129600;95
129660;95
129720;95
129780;95
129840;95
129900;95
129960;95
130020;95
130080;95
130140;95
130200;95
130260;95
130320;95
130380;95
130440;95
130500;95
130560;95
130620;95
130680;95
130740;95
130800;95
130860;95
130920;95
130980;95
131040;95
131100;95
131160;95
131220;95
131280;95
131340;95
131400;95
131460;95
131520;95
131580;95
131640;95
131700;95
131760;95
131820;95
131880;95
131940;95
132000;95
132060;95
132120;95
132180;95
132240;95
132300;95
132360;95
132420;95
132480;95
132540;95
132600;95
132660;95
132720;95
132780;95
132840;95
132900;95
132960;95.375
133020;96
133080;96
133140;95.625
133200;95.375
133260;95.65625
133320;95
133380;95
133440;95
133500;95
133560;95
133620;95
133680;95
133740;95
133800;95
133860;95
133920;95
133980;95
134040;95
134100;95
134160;95
134220;95
134280;95
134340;95.375
134400;95.625
134460;95
134520;95
134580;95
134640;95
134700;95
134760;95
134820;95
134880;95
134940;95.375
135000;96
135060;96
135120;96
135180;96
135240;96
135300;96
135360;96
135420;96
135480;96
135540;96
135600;96
135660;96
135720;96
135780;96
135840;96
135900;96
135960;96
136020;96
136080;96
136140;96
136200;96
136260;96
136320;96
136380;96
136440;96
136500;96
136560;96
136620;96
136680;96
136740;96
136800;96
136860;96
136920;96
136980;96
137040;96
137100;96
137160;96
137220;96
137280;96
137340;96
137400;96
137460;96
137520;96
137580;96
137640;96
137700;96
137760;96
137820;96
137880;96
137940;96
138000;96
138060;96
138120;96
138180;96
138240;96
138300;96
138360;96
138420;96
138480;96
138540;96
138600;96
138660;96
138720;96
138780;96
138840;96
138900;96
138960;96
139020;96
139080;96
139140;96
139200;96
139260;96
139320;96
139380;96
139440;96
139500;96
139560;96
139620;96
139680;96
139740;96
139800;96
139860;96
139920;96
139980;96
140040;96
140100;96
140160;96
140220;96
140280;96
140340;96
140400;96
140460;96
140520;96
140580;96
140640;96
140700;96
140760;96
140820;96
140880;96
140940;96
141000;96
141060;96
141120;96
141180;96
141240;96
141300;96
141360;96
141420;96
141480;96
141540;96
141600;96
141660;96
141720;96
141780;96
141840;96
141900;96
141960;96
142020;96
142080;96
142140;96
142200;96
142260;96
142320;96
142380;96
142440;96
142500;96
142560;96
142620;96
142680;96
142740;96
142800;96
142860;96
142920;96
142980;96
143040;96
143100;96
143160;96
143220;96
143280;96
143340;96
143400;96
143460;96
143520;96
143580;96
143640;96
143700;96
143760;96
143820;96
143880;96
143940;96
144000;96
144060;96
144120;96
144180;96
144240;96
144300;96
144360;96
144420;96
144480;96
144540;96
144600;96
144660;96
144720;96
144780;96
144840;96
144900;96
144960;96
145020;96
145080;96
145140;96
145200;96
145260;96
145320;96
145380;96
145440;96
145500;96
145560;96
145620;96
145680;96
145740;96
145800;96
145860;96
145920;96
145980;96
146040;96
146100;96
146160;96
146220;96
146280;96
146340;96
146400;96
146460;96
146520;96
146580;96
146640;96
146700;96
146760;96
146820;96
146880;96
146940;96
147000;96
147060;96
147120;96
147180;96
147240;96
147300;96
147360;96
147420;96
147480;96
147540;96
147600;96
147660;96
147720;96
147780;96
147840;96
147900;96
147960;96
148020;96
148080;96
148140;96
148200;96
148260;96
148320;96
148380;96
148440;96
148500;96
148560;96
148620;96
148680;96
148740;96
148800;96
148860;96
148920;96
148980;96
149040;96
149100;96
149160;96
149220;96
149280;96
149340;96
149400;96
149460;96
149520;96
149580;96
149640;96
149700;96
149760;96
149820;96
149880;96
149940;96
150000;96
150060;96
150120;96
150180;96.375
150240;97
150300;96.625
150360;96
150420;96.375
150480;96.625
150540;96.375
150600;96.625
150660;96
150720;96
150780;96
150840;96
150900;96
150960;96
151020;96
151080;96
151140;96
151200;96
151260;96
151320;96
151380;96
151440;96
151500;96
151560;96
151620;96
151680;96.375
151740;96.625
151800;96
151860;96.375
151920;97
151980;97
152040;96.625
152100;96
152160;96.375
152220;97
152280;97
152340;97
152400;97
152460;96.625
152520;96
152580;96
152640;96
152700;96
152760;96
152820;96
152880;96
152940;96.375
153000;96.625
153060;96
153120;96
153180;96
153240;96
153300;96
153360;96
153420;96
153480;96
153540;96
153600;96
153660;96
153720;96
153780;96
153840;96
153900;96
153960;96
154020;96
154080;96
154140;96
154200;96
154260;96.375
154320;97
154380;97
154440;97
154500;97
154560;97
154620;97
154680;97
154740;97
154800;97
154860;97
154920;97
154980;97
155040;97
155100;97
155160;97
155220;97
155280;97
155340;97
155400;97
155460;97
155520;97
155580;97
155640;97
155700;97
155760;97
155820;97
155880;97
155940;97
156000;97
156060;97
156120;97
156180;97
156240;97
156300;97
156360;97
156420;97
156480;97
156540;97
156600;97
156660;97
156720;97
156780;97
156840;97
156900;97
156960;97
157020;97
157080;97
157140;97
157200;97
157260;97
157320;97
157380;97
157440;97
157500;97
157560;97
157620;97
157680;97
157740;97
157800;97
157860;97
157920;97
157980;97
158040;97
158100;97
158160;97
158220;97
158280;97
158340;97
158400;97
158460;97
158520;97
158580;97
158640;97
158700;97
158760;97
158820;97
158880;97
158940;97
159000;97
159060;97
159120;97
159180;97
159240;97
159300;97
159360;97
159420;97
159480;97
159540;97
159600;97
159660;97
159720;97
159780;97
159840;97
159900;97
159960;97
160020;97
160080;97
160140;97
160200;97
160260;97
160320;97
160380;97
160440;97
160500;97
160560;97
160620;97
160680;97
160740;97
160800;97
160860;97
160920;97
160980;97
161040;97
161100;97
161160;97
161220;97
161280;97
161340;97
161400;97
161460;97
161520;97
161580;97
161640;97
161700;97
161760;97
161820;97
161880;97
161940;97
162000;97
162060;97
162120;97
162180;97
162240;97
162300;97
162360;97
162420;97
162480;97
162540;97
162600;97
162660;97
162720;97
162780;97
162840;97
162900;97
162960;97
163020;97
163080;97
163140;97
163200;97
163260;97
163320;97
163380;97
163440;97
163500;97
163560;97
163620;97
163680;97
163740;97
163800;97
163860;97
163920;97
163980;97
164040;97
164100;97
164160;97
164220;97
164280;97
164340;97
164400;97
164460;97.375
164520;98
164580;97.59375
164640;97
164700;97
164760;97
164820;97
164880;97
164940;97
165000;97
165060;97.375
165120;98
165180;98
165240;98
165300;98
165360;98
165420;97.625
165480;97
165540;97
165600;97
165660;97
165720;97
165780;97
165840;97.375
165900;98
165960;98
166020;98
166080;98
166140;98
166200;98
166260;98
166320;98
166380;98
166440;98
166500;98
166560;98
166620;98
166680;98
166740;98
166800;98
166860;98
166920;98
166980;98
167040;98
167100;98
167160;98
167220;98
167280;98
167340;98
167400;98
167460;98
167520;98
167580;98
167640;98
167700;98
167760;98
167820;98
167880;98
167940;98
168000;98
168060;98
168120;98
168180;98
168240;98
168300;98
168360;98
168420;98
168480;98
168540;98
168600;98
168660;98
168720;98
168780;98
168840;98
168900;98
168960;98
169020;98
169080;98
169140;98
169200;98
169260;98
169320;98
169380;98
169440;98
169500;98
169560;98
169620;98
169680;98
169740;98
169800;98
169860;98
169920;98
169980;98
170040;98
170100;98
170160;98
170220;98
170280;98
170340;98
170400;98
170460;98
170520;98
170580;98
170640;98
170700;98
170760;98
170820;98
170880;98
170940;98
171000;98
171060;98
171120;98
171180;98
171240;98
171300;98
171360;97.625
171420;97
171480;97
171540;97.375
171600;98
171660;97.625
171720;97.375
171780;97.625
171840;97
171900;97
171960;97.375
172020;98
172080;98
172140;98
172200;98
172260;98
172320;98
172380;98
172440;98
172500;97.625
172560;97
172620;97
172680;97
172740;97
172800;97
172860;97
172920;97
172980;97
173040;97
173100;97
173160;97
173220;97
173280;97
173340;97
173400;97
173460;97
173520;97
173580;97
173640;97
173700;97
173760;97
173820;97
173880;97
173940;97
174000;97
174060;97
174120;97
174180;97
174240;97
174300;97
174360;97
174420;97
174480;97
174540;97
174600;97
174660;97
174720;97
174780;97
174840;97
174900;97
174960;97
175020;97
175080;97
175140;97
175200;97
175260;97
175320;97
175380;97
175440;97
175500;97
175560;96.625
175620;96
175680;96.375
175740;97
175800;96.625
175860;96
175920;96
175980;96
176040;96
176100;96
176160;96
176220;96
176280;96
176340;96
176400;96
176460;96
176520;96
176580;96
176640;96
176700;96
176760;96
176820;95.625
176880;95.375
176940;96
177000;95.625
177060;95
177120;95
177180;95
177240;95
177300;95
177360;95
177420;95
177480;95
177540;95
177600;95
177660;95
177720;95
177780;95
177840;95
177900;95
177960;95
178020;95
178080;94.625
178140;94
178200;94
178260;94
178320;94
178380;94
178440;94.375
178500;94.625
178560;94
178620;94
178680;94
178740;94
178800;94
178860;94
178920;94
178980;94
179040;94
179100;94
179160;94
179220;94
179280;94
179340;94
179400;94
179460;94
179520;94
179580;93.625
179640;93.40625
179700;93.625
179760;93
179820;93
179880;93
179940;93
180000;93
180060;93
180120;93
180180;93
180240;93
180300;92.625
180360;92
180420;92
180480;92
180540;92
180600;92
180660;92
180720;92
180780;92
180840;92
180900;92
180960;92
181020;92
181080;92
181140;91.625
181200;91
181260;91
181320;91
181380;91
181440;91.375
181500;91.625
181560;91
181620;91
181680;91
181740;91
181800;91
181860;91
181920;91
181980;91
182040;90.625
182100;90
182160;90
182220;90
182280;90
182340;90
182400;90
182460;90
182520;90
182580;90
182640;89.625
182700;89
182760;89
182820;89
182880;88.625
182940;88
183000;88
183060;88
183120;88
183180;88
183240;88
183300;88
183360;87.625
183420;87
183480;87
183540;87
183600;87
183660;87
183720;87
183780;87
183840;87
183900;86.625
183960;86
184020;86
184080;86
184140;86
184200;86
184260;86
184320;86
184380;86
184440;86
184500;86
184560;86
184620;86
184680;86
184740;86
184800;86
184860;86
184920;86
184980;86
185040;85.625
185100;85
185160;85
185220;85
185280;85
185340;85
185400;85
185460;85
185520;85
185580;84.59375
185640;84
185700;84
185760;84
185820;84
185880;84
185940;84
186000;84
186060;84
186120;84
186180;84
186240;83.625
186300;83
186360;83
186420;83
186480;83
186540;83.375
186600;83.625
186660;83
186720;83
186780;83
186840;82.625
186900;82.375
186960;83
187020;83
187080;82.625
187140;82
187200;82
187260;82
187320;82
187380;82
187440;82
187500;82
187560;82
187620;81.625
187680;81.375
187740;82
187800;82
187860;81.625
187920;81
187980;81
188040;81
188100;81
188160;81
188220;81.375
188280;82
188340;82
188400;82
188460;82
188520;82
188580;81.625
188640;81
188700;81.375
188760;82
188820;81.625
188880;81
188940;81
189000;81
189060;81
189120;81
189180;81
189240;81
189300;81
189360;80.625
189420;80
189480;80
189540;80
189600;80
189660;80.375
189720;81
189780;81
189840;81
189900;81
189960;80.625
190020;80
190080;80
190140;80
190200;80
190260;80
190320;80
190380;80
190440;80
190500;80
190560;80
190620;80
190680;80
190740;80
190800;80
190860;80
190920;80
190980;79.625
191040;79.375
191100;79.625
191160;79
191220;79
191280;79
191340;79
191400;79
191460;79
191520;79
191580;79
191640;79
191700;78.65625
191760;78
191820;78
191880;78
191940;78
192000;78
192060;78
192120;77.625
192180;77
192240;77
192300;77
192360;77
192420;77
192480;77
192540;77
192600;77
192660;77
192720;77
192780;77
192840;77
192900;77.375
192960;78
193020;78
193080;77.625
193140;77.375
193200;78
193260;78
193320;78
193380;78
193440;78
193500;78
193560;78
193620;78
193680;78
193740;78
193800;78
193860;78.375
193920;79
193980;79
194040;79
194100;79
194160;79
194220;79
194280;79.375
194340;80
194400;80
194460;80
194520;80
194580;80
194640;80
194700;80
194760;80
194820;80
194880;80.57142857
194940;81
195000;81
195060;81
195120;81
195180;81
195240;81
195300;81.375
195360;82
195420;82
195480;82
195540;82
195600;82
195660;82
195720;82
195780;82
195840;82
195900;82.375
195960;83
196020;83
196080;83
196140;83
196200;83
196260;83
196320;83
196380;83
196440;83
196500;83.375
196560;84
196620;84
196680;84
196740;84
196800;84
196860;84
196920;84
196980;84
197040;84
197100;84
197160;84
197220;84
197280;84
197340;84
197400;84
197460;84
197520;84
197580;84
197640;84
197700;84
197760;84.375
197820;84.625
197880;84
197940;84
198000;84
198060;84.375
198120;85
198180;85
198240;85
198300;85
198360;85
198420;85
198480;85
198540;85
198600;85
198660;85
198720;85
198780;85
198840;85
198900;85.375
198960;86
199020;86
199080;86
199140;86
199200;86
199260;86
199320;86
199380;86
199440;86
199500;86
199560;86
199620;86
199680;86
199740;86
199800;86
199860;86.375
199920;87
199980;87
200040;87
200100;87
200160;87
200220;87
200280;87
200340;87
200400;87
200460;87
200520;87
200580;87.375
200640;88
200700;88
200760;88
200820;88
200880;88
200940;88
201000;88
201060;88
201120;88
201180;88.375
201240;89
201300;89
201360;89
201420;89
201480;89
201540;89
201600;89
201660;89
201720;89
201780;89
201840;89.375
201900;90
201960;90
202020;90
202080;90
202140;90
202200;90
202260;90
202320;90
202380;90
202440;90
202500;90
202560;90
202620;90
202680;90
202740;90
202800;90.40625
202860;91
202920;91
202980;91
203040;91
203100;91
203160;91
203220;91
203280;91
203340;91
203400;91
203460;91
203520;91
203580;91
203640;91
203700;91
203760;91
203820;91
203880;91
203940;91
204000;91
204060;91
204120;91
204180;91
204240;91
204300;91
204360;91
204420;91
204480;91
204540;91
204600;91
204660;91
204720;91.375
204780;92
204840;92
204900;92
204960;92
205020;92
205080;92
205140;92
205200;92
205260;92
205320;92
205380;92
205440;92
205500;92
205560;92
205620;92
205680;92
205740;92
205800;92
205860;92
205920;92
205980;92
206040;92
206100;92
206160;92
206220;92
206280;92
206340;92
206400;92
206460;92
206520;92
206580;92
206640;92
206700;92
206760;92
206820;92
206880;92
206940;92
207000;92
207060;92
207120;92
207180;92
207240;92
207300;92
207360;92
207420;92
207480;92
207540;92
207600;92.375
207660;93
207720;92.625
207780;92
207840;92
207900;92
207960;92.375
208020;93
208080;93
208140;93
208200;93
208260;93
208320;93
208380;93
208440;93
208500;92.625
208560;92.375
208620;92.625
208680;92.375
208740;93
208800;93
208860;93
208920;93
208980;93
209040;93
209100;93
209160;93
209220;93
209280;93
209340;93
209400;93
209460;93
209520;93
209580;93
209640;93
209700;93
209760;93
209820;93
209880;93
209940;93
210000;93
210060;93
210120;93
210180;93
210240;93
210300;93
210360;93
210420;93
210480;93
210540;93
210600;93
210660;93
210720;93
210780;93
210840;93
210900;93
210960;93
211020;93
211080;93
211140;93
211200;93
211260;93
211320;93
211380;93
211440;93
211500;93
211560;93
211620;93
211680;93
211740;93
211800;93
211860;93
211920;93
211980;93
212040;93
212100;93
212160;93
212220;93
212280;93
212340;93
212400;93
212460;93
212520;93
212580;93
212640;93
212700;93
212760;93
212820;93
212880;93
212940;93
213000;93
213060;93
213120;93
213180;93
213240;93
213300;93
213360;93
213420;93
213480;93
213540;93
213600;93
213660;93
213720;93
213780;93
213840;93
213900;93
213960;93
214020;93
214080;93
214140;93
214200;93
214260;93
214320;93
214380;93
214440;93
214500;93
214560;93
214620;93
214680;93
214740;93
214800;93
214860;93
214920;93
214980;93
215040;93
215100;93
215160;93
215220;93
215280;93
215340;93
215400;93
215460;93
215520;93
215580;93
215640;93
215700;93
215760;93
215820;93
215880;93
215940;93
216000;93
216060;93
216120;93
216180;93
216240;93
216300;93
216360;93
216420;93
216480;93
216540;93
216600;93
216660;93
216720;93
216780;93
216840;93
216900;93
216960;93
217020;93
217080;93
217140;93
217200;93
217260;93
217320;93
217380;93
217440;93
217500;93
217560;93
217620;93
217680;93
217740;93
217800;93
217860;93
217920;93
217980;93
218040;93
218100;93
218160;93
218220;93
218280;93
218340;93
218400;93
218460;93
218520;93
218580;93
218640;93
218700;93
218760;93
218820;93
218880;93
218940;93
219000;93
219060;93
219120;93
219180;93
219240;93
219300;93
219360;93
219420;93
219480;93
219540;93
219600;93
219660;93
219720;93
219780;93
219840;93
219900;93
219960;93
220020;93
220080;93
220140;93
220200;93
220260;93
220320;93
220380;93
220440;93
220500;93
220560;93
220620;93
220680;93
220740;93
220800;93
220860;93
220920;93
220980;93
221040;93
221100;93
221160;93.375
221220;93.625
221280;93
221340;93
221400;93.375
221460;93.6875
221520;93.375
221580;94
221640;94
221700;94
221760;94
221820;94
221880;94
221940;94
222000;94
222060;94
222120;94
222180;94
222240;94
222300;94
222360;94
222420;94
222480;94
222540;94
222600;94
222660;94
222720;94
222780;94
222840;94
222900;94
222960;94
223020;94
223080;94
223140;94
223200;94
223260;94
223320;94
223380;94
223440;94
223500;94
223560;94
223620;94
223680;94
223740;94
223800;94
223860;94
223920;94
223980;94
224040;94
224100;94
224160;94
224220;94
224280;94
224340;94
224400;94
224460;94
224520;94
224580;94
224640;94
224700;94
224760;94.375
224820;95
224880;95
224940;95
225000;94.625
225060;94
225120;94
225180;94
225240;94
225300;94
225360;94
225420;94
225480;94
225540;94
225600;94
225660;94
225720;94
225780;94
225840;94
225900;94
225960;94
226020;94
226080;94
226140;94
226200;94.375
226260;95
226320;95
226380;95
226440;95
226500;95
226560;95
226620;95
226680;95
226740;95
226800;95
226860;95
226920;95
226980;95
227040;95
227100;95
227160;95
227220;95
227280;95
227340;95
227400;95
227460;95
227520;95
227580;95
227640;95
227700;95
227760;95
227820;95
227880;95
227940;95
228000;95
228060;95
228120;95
228180;95
228240;95
228300;95
228360;95
228420;95
228480;95
228540;95
228600;95
228660;95
228720;95
228780;95
228840;95
228900;95
228960;95
229020;95
229080;95
229140;95
229200;95
229260;95
229320;95
229380;95
229440;95
229500;95
229560;95
229620;95
229680;94.625
229740;94
229800;94
229860;94
229920;94.92307692
229980;94.625
230040;94
230100;94
230160;94
230220;94
230280;94
230340;94
230400;94
230460;94
230520;94
230580;94
230640;94
230700;94
230760;94
230820;94
230880;94
230940;94
231000;94
231060;94
231120;94
231180;94
231240;94
231300;94
231360;94
231420;94
231480;94.375
231540;94.625
231600;94.34375
231660;95
231720;95
231780;94.625
231840;94
231900;94
231960;94
232020;94
232080;94
232140;94
232200;94
232260;94
232320;94
232380;94
232440;94
232500;94
232560;94
232620;94
232680;94
232740;94
232800;94
232860;94
232920;94
232980;94
233040;94
233100;94
233160;94
233220;94
233280;94
233340;94
233400;94
233460;94
233520;94
233580;94
233640;94
233700;94
233760;94
233820;94
233880;94
233940;94
234000;94
234060;94
234120;94
234180;94
234240;94
234300;94
234360;94
234420;94
234480;94
234540;94
234600;94
234660;94
234720;94
234780;94
234840;94
234900;94
234960;94
235020;94
235080;94
235140;94
235200;94
235260;94
235320;94
235380;94
235440;94
235500;94
235560;94
235620;94
235680;94
235740;94
235800;94
235860;94
235920;94
235980;94
236040;94
236100;94
236160;94
236220;94
236280;94
236340;94
236400;94
236460;94
236520;94
236580;94
236640;94
236700;94
236760;94
236820;94
236880;94
236940;94
237000;94
237060;94
237120;94
237180;94
237240;94
237300;94
237360;94
237420;94
237480;94
237540;94
237600;94
237660;94
237720;94
237780;94
237840;94.375
237900;94.625
237960;94
238020;94.375
238080;95
238140;95
238200;95
238260;95
238320;95
238380;94.625
238440;94.375
238500;95
238560;95
238620;95
238680;95
238740;95
238800;95
238860;95
238920;95
238980;95
239040;95
239100;95
239160;95
239220;94.625
239280;94.375
239340;95
239400;95
239460;95
239520;95
239580;95
239640;95
239700;95
239760;95
239820;95
239880;95
239940;95
240000;95
240060;95
240120;95
240180;95
240240;95
240300;95
240360;95
240420;95
240480;95
240540;95
240600;95
240660;95
240720;95
240780;95
240840;95
240900;95
240960;95
241020;95
241080;95
241140;95
241200;95
241260;95
241320;95
241380;95
241440;95
241500;95
241560;95
241620;95
241680;95
241740;95
241800;95
241860;95
241920;95
241980;95
242040;95
242100;95
242160;95
242220;95
242280;95
242340;95
242400;95
242460;95
242520;95
242580;95
242640;95
242700;95
242760;95
242820;95
242880;95
242940;95
243000;95
243060;95
243120;95
243180;95
243240;95
243300;95
243360;95
243420;95
243480;95
243540;95
243600;95
243660;95
243720;95
243780;95
243840;95
243900;95
243960;95
244020;95
244080;95
244140;95
244200;95
244260;95
244320;95
244380;95
244440;95
244500;95
244560;95
244620;95
244680;95
244740;95
244800;95
244860;95
244920;95
244980;95
245040;95
245100;95
245160;95
245220;95
245280;95
245340;95
245400;95
245460;95
245520;95
245580;95
245640;95
245700;95
245760;95
245820;95
245880;95
245940;95
246000;95
246060;95
246120;95
246180;95
246240;95
246300;95
246360;95
246420;95
246480;95
246540;95
246600;95
246660;95
246720;95
246780;95
246840;95
246900;95
246960;95
247020;95
247080;95
247140;95
247200;95
247260;95
247320;95
247380;95
247440;94.6
247500;94.375
247560;95
247620;95
247680;95
247740;95
247800;94.625
247860;94
247920;94
247980;94
248040;94
248100;94
248160;94
248220;94
248280;94
248340;94
248400;94
248460;94
248520;94
248580;94
248640;94
248700;94
248760;94
248820;94
248880;94
248940;94
249000;94
249060;94
249120;94
249180;94
249240;94
249300;94
249360;93.625
249420;93
249480;93
249540;93.375
249600;93.625
249660;93
249720;93
249780;93
249840;93
249900;93
249960;93
250020;93
250080;93
250140;93
250200;93
250260;93
250320;93
250380;93
250440;93
250500;93
250560;93
250620;93
250680;92.625
250740;92
250800;92
250860;92
250920;92
250980;92
251040;92
251100;92
251160;92
251220;92
251280;92
251340;91.625
251400;91
251460;91
251520;91
251580;91
251640;91
251700;91
251760;91
251820;91
251880;91
251940;91
252000;91
252060;91
252120;90.625
252180;90
252240;90
252300;90
252360;90
252420;90
252480;90
252540;90
252600;90
252660;90
252720;90
252780;90
252840;90
252900;90
252960;90
253020;89.59375
253080;89
253140;89
253200;89
253260;89
253320;89
253380;89
253440;89
253500;89
253560;89
253620;89
253680;89
253740;89
253800;89
253860;89
253920;89
253980;89
254040;89
254100;89
254160;88.625
254220;88
254280;88
254340;88
254400;88
254460;88
254520;88
254580;88
254640;88
254700;88
254760;87.625
254820;87
254880;87.40625
254940;87.625
255000;87
255060;87
255120;87
255180;87
255240;87
255300;87
255360;87
255420;87
255480;87
255540;87
255600;87
255660;87
255720;87
255780;87
255840;87
255900;87
255960;87
256020;87
256080;87
256140;87
256200;87
256260;87
256320;87
256380;87
256440;87
256500;86.59375
256560;86.375
256620;87
256680;87
256740;87
256800;87
256860;87
256920;87
256980;87
257040;87
257100;87
257160;86.625
257220;86
257280;86
257340;86
257400;86
257460;86
257520;86
257580;86
257640;86
257700;86
257760;86
257820;86
257880;86
257940;86
258000;86
258060;86
258120;86
258180;86
258240;86
258300;86
258360;86
258420;86
258480;86
258540;86
258600;86
258660;86
258720;86
258780;86
258840;86
258900;86
258960;86
259020;86
259080;86
259140;86
259200;86
259260;86
259320;86
259380;86
259440;86
259500;86
259560;86
259620;86
259680;86
259740;86
259800;85.59375
259860;85
259920;85
259980;85
260040;85
260100;85
260160;85
260220;85
260280;85
260340;85
260400;85
260460;85
260520;85
260580;85
260640;84.625
260700;84
260760;84
260820;84
260880;84
260940;84
261000;84
261060;84
261120;84
261180;84
261240;84
261300;84
261360;84
261420;84
261480;84
261540;84
261600;84
261660;84
261720;84
261780;84
261840;84
261900;84
261960;84
262020;84
262080;84
262140;84
262200;84
262260;84
262320;84
262380;83.625
262440;83
262500;83
262560;83
262620;83
262680;83
262740;83
262800;83
262860;83
262920;83
262980;83
263040;83
263100;83
263160;83
263220;83
263280;83
263340;83
263400;83
263460;82.625
263520;82
263580;82.375
263640;82.625
263700;82
263760;82
263820;82
263880;82
263940;82
264000;82
264060;82
264120;82
264180;82
264240;82
264300;82
264360;82
264420;82
264480;82
264540;82
264600;82
264660;82
264720;82
264780;82
264840;82
264900;82
264960;82
265020;82
265080;82
265140;82
265200;82
265260;81.625
265320;81
265380;81
265440;81
265500;81
265560;81
265620;81
265680;81
265740;81
265800;81
265860;81
265920;81
265980;81
266040;81
266100;81
266160;81
266220;81
266280;81
266340;81
266400;81
266460;81
266520;81
266580;81
266640;81
266700;81
266760;81
266820;81
266880;80.625
266940;80
267000;80
267060;80
267120;80
267180;80
267240;80
267300;80
267360;80
267420;80
267480;80
267540;80
267600;80
267660;80
267720;80
267780;80
267840;80
267900;80
267960;80
268020;80
268080;80
268140;80
268200;80
268260;80
268320;80
268380;80
268440;80
268500;80
268560;80
268620;80
268680;80
268740;80
268800;80
268860;80
268920;80
268980;80
269040;80
269100;80
269160;80
269220;80
269280;80
269340;80
269400;79.625
269460;79.375
269520;80
269580;80
269640;80
269700;80
269760;80
269820;80
269880;80
269940;80
270000;80
270060;80
270120;80
270180;80
270240;80
270300;80
270360;80
270420;80
270480;80
270540;80
270600;80.375
270660;81
270720;80.625
270780;80
270840;80.92307692
270900;81
270960;81
271020;81
271080;81
271140;81
271200;81
271260;81
271320;81
271380;81
271440;81
271500;81
271560;81
271620;81
271680;81
271740;81
271800;81
271860;81
271920;81
271980;81
272040;81
272100;81
272160;81
272220;81
272280;81
272340;81
272400;81
272460;81
272520;81
272580;81
272640;81
272700;81
272760;81
272820;81
272880;81
272940;81
273000;81
273060;81
273120;81
273180;81
273240;81
273300;81
273360;81
273420;81
273480;81
273540;81
273600;81
273660;81
273720;81
273780;81
273840;81
273900;81
273960;81
274020;81
274080;81
274140;81
274200;81
274260;81
274320;81
274380;81
274440;81
274500;81
274560;81
274620;81
274680;81
274740;81
274800;81
274860;81
274920;81
274980;81
275040;81
275100;81
275160;81
275220;81
275280;81
275340;81
275400;81
275460;81
275520;81
275580;81
275640;81
275700;81
275760;81
275820;81
275880;81
275940;81
276000;81
276060;81
276120;81
276180;81
276240;81
276300;81.375
276360;82
276420;81.625
276480;81.375
276540;82
276600;82
276660;82
276720;82
276780;82
276840;82
276900;82
276960;82
277020;82
277080;82
277140;82
277200;82
277260;82
277320;82.40625
277380;83
277440;83
277500;83
277560;83
277620;83
277680;83.375
277740;84
277800;84
277860;84
277920;84
277980;84
278040;84
278100;84
278160;84.375
278220;85
278280;85
278340;85
278400;85
278460;85
278520;85
278580;85
278640;85.375
278700;86
278760;86
278820;86
278880;86
278940;86
279000;86
279060;86
279120;86
279180;86
279240;86
279300;86
279360;86
279420;86
279480;86.375
279540;87
279600;86.625
279660;86
279720;86.375
279780;87
279840;86.625
279900;86.375
279960;87
280020;87
280080;87
280140;87
280200;87
280260;87
280320;87
280380;87
280440;87
280500;86.625
280560;86
280620;86
280680;86.375
280740;86.625
280800;86
280860;86.375
280920;87
280980;87
281040;87
281100;87
281160;87
281220;87
281280;87
281340;87
281400;87
281460;87
281520;87
281580;87
281640;87
281700;87
281760;87
281820;87
281880;87
281940;87
282000;87
282060;87
282120;87
282180;87
282240;87
282300;87
282360;87
282420;87
282480;87
282540;87
282600;87
282660;87
282720;87
282780;87
282840;87
282900;87
282960;87
283020;87
283080;87
283140;87
283200;87
283260;87
283320;87
283380;87
283440;87
283500;87
283560;87
283620;87
283680;87
283740;87
283800;87
283860;87
283920;87
283980;87
284040;87
284100;87
284160;87
284220;87
284280;87
284340;87
284400;87
284460;87
284520;87
284580;87
284640;87
284700;87
284760;87
284820;87
284880;87.40625
284940;88
285000;88
285060;88
285120;88
285180;88
285240;88
285300;88
285360;88
285420;88
285480;88
285540;88
285600;88
285660;88
285720;88
285780;87.625
285840;87
285900;87
285960;87
286020;87
286080;87
286140;87
286200;87
286260;87
286320;87
286380;87
286440;87
286500;87
286560;87
286620;87
286680;87
286740;87
286800;87
286860;87
286920;87.375
286980;87.625
287040;87
287100;87
287160;87
287220;87
287280;87
287340;87
287400;87
287460;87
287520;87
287580;87
287640;87
287700;87.375
287760;88
287820;88
287880;88
287940;88
288000;88
288060;88
288120;88
288180;88
288240;88
288300;88
288360;88
288420;88
288480;88
288540;88
288600;88
288660;88
288720;88
288780;88
288840;88
288900;88
288960;88
289020;88
289080;88
289140;88
289200;88
289260;88
289320;88
289380;88
289440;88
289500;88
289560;88
289620;88
289680;88
289740;88
289800;88
289860;88
289920;88
289980;88
290040;88
290100;88
290160;88
290220;88
290280;88
290340;88
290400;88
290460;88
290520;88
290580;88
290640;88
290700;88
290760;88.375
290820;89
290880;89
290940;89
291000;89
291060;89
291120;89
291180;89
291240;89
291300;89
291360;89
291420;89
291480;89
291540;89
291600;89
291660;89
291720;89
291780;89
291840;89
291900;88.625
291960;88.375
292020;89
292080;88.625
292140;88.375
292200;89
292260;89
292320;89
292380;89
292440;89
292500;89
292560;88.625
292620;88
292680;88.375
292740;89
292800;89
292860;89
292920;89
292980;89
293040;89
293100;89
293160;89
293220;89
293280;89
293340;89
293400;89
293460;89
293520;88.625
293580;88
293640;88
293700;88
293760;88
293820;88
293880;88
293940;88
294000;88
294060;88
294120;88
294180;88
294240;88
294300;88
294360;88
294420;88
294480;88
294540;88
294600;88
294660;88
294720;88
294780;88
294840;88
294900;88
294960;88
295020;88
295080;88
295140;88
295200;88
295260;88
295320;88
295380;88
295440;88
295500;88
295560;88
295620;88
295680;88
295740;88
295800;88
295860;88
295920;88
295980;88
296040;88
296100;88
296160;88
296220;88
296280;88
296340;88
296400;88
296460;88
296520;88
296580;88
296640;88
296700;88
296760;88
296820;88
296880;88
296940;88
297000;88
297060;88
297120;88
297180;88
297240;88
297300;88
297360;88
297420;88
297480;88
297540;88
297600;88
297660;88
297720;88
297780;88
297840;88
297900;88
297960;88
298020;88
298080;88
298140;88
298200;88
298260;88
298320;88
298380;88
298440;88
298500;88
298560;88
298620;88
298680;88
298740;88
298800;88
298860;88
298920;88
298980;88
299040;88
299100;88
299160;88
299220;88
299280;88
299340;88
299400;88
299460;88
299520;88
299580;88
299640;88
299700;88
299760;88
299820;88
299880;88
299940;88
300000;88
300060;88
300120;88
300180;88
300240;88
300300;88
300360;88
300420;88
300480;88
300540;88
300600;88
300660;88
300720;88
300780;88
300840;88
300900;88
300960;88
301020;88
301080;88
301140;88
301200;88
301260;88
301320;88
301380;88
301440;88
301500;88
301560;88
301620;88
301680;88
301740;88
301800;88
301860;88
301920;88
301980;88
302040;88
302100;88
302160;88
302220;88
302280;88
302340;87.625
302400;87
302460;87
302520;87
302580;87
302640;87
302700;87
302760;87
302820;87
302880;87
302940;87
303000;87
303060;87
303120;87
303180;87
303240;87
303300;87
303360;87
303420;87
303480;87
303540;87
303600;87
303660;87
303720;87
303780;87
303840;87
303900;87
303960;87
304020;87
304080;87
304140;87
304200;87
304260;87
304320;87
304380;87
304440;87
304500;87
304560;87
304620;87
304680;87
304740;87
304800;87
304860;87
304920;87
304980;87
305040;87
305100;87
305160;87
305220;87
305280;87
305340;87
305400;87
305460;87
305520;87
305580;87
305640;87
305700;87
305760;87
305820;87
305880;87
305940;87
306000;87
306060;87
306120;86.625
306180;86
306240;86
306300;86
306360;86
306420;86
306480;86
306540;86
306600;86
306660;86
306720;86
306780;86
306840;86
306900;86
306960;86
307020;86
307080;86
307140;86
307200;86
307260;86
307320;86
307380;86
307440;86
307500;86
307560;85.625
307620;85
307680;85
307740;85
307800;85
307860;85
307920;85
307980;85
308040;85
308100;85
308160;85
308220;85
308280;85
308340;85
308400;85
308460;85
308520;85
308580;85
308640;85
308700;85
308760;85
308820;85
308880;85
308940;85
309000;85
309060;85
309120;85
309180;85
309240;85
309300;85
309360;85
309420;85
309480;85
309540;85
309600;85
309660;85
309720;85
309780;85
309840;85
309900;85
309960;85
310020;85
310080;85
310140;85
310200;85
310260;85
310320;85
310380;85
310440;85
310500;85
310560;85
310620;85
310680;85
310740;85
310800;85
310860;85
310920;85
310980;85
311040;85
311100;85
311160;85
311220;85
311280;85
311340;85
311400;85
311460;85
311520;85.375
311580;86
311640;86
311700;86
311760;86
311820;86
311880;86
311940;86
312000;86
312060;86
312120;86
312180;86
312240;86
312300;86
312360;86
312420;86
312480;86
312540;86
312600;86
312660;86.375
312720;87
312780;87
312840;87
312900;87
312960;87
313020;87
313080;87
313140;87
313200;87
313260;87
313320;87
313380;87
313440;87
313500;87
313560;87
313620;87
313680;87
313740;87
313800;87
313860;87
313920;87
313980;87
314040;87
314100;87
314160;87
314220;87
314280;87
314340;87
314400;87
314460;87
314520;87
314580;87
314640;87
314700;87.375
314760;88
314820;88
314880;88
314940;88
315000;88
315060;88
315120;88
315180;88
315240;88
315300;88
315360;88
315420;88
315480;88
315540;88
315600;88
315660;88
315720;88
315780;88
315840;88
315900;88
315960;88
316020;88
316080;88
316140;88
316200;88
316260;88
316320;88
316380;88
316440;88
316500;88.375
316560;89
316620;88.625
316680;88
316740;88
316800;88
316860;88
316920;88
316980;88
317040;88
317100;88
317160;88
317220;88
317280;88
317340;88
317400;88
317460;88
317520;88
317580;88
317640;88
317700;88
317760;88
317820;88
317880;88
317940;88
318000;88
318060;88
318120;88
318180;88
318240;88
318300;88
318360;88
318420;88
318480;88
318540;88
318600;88
318660;88
318720;88
318780;88
318840;88
318900;88
318960;88
319020;87.625
319080;87
319140;87
319200;87
319260;87
319320;87
319380;87
319440;87
319500;87
319560;87
319620;87
319680;87
319740;87
319800;87
319860;87
319920;87
319980;87
320040;87
320100;87
320160;87
320220;87
320280;87
320340;87
320400;87
320460;87
320520;87
320580;87
320640;87
320700;87
320760;87
320820;87
320880;87
320940;87
321000;87
321060;87
321120;87
321180;87
321240;87
321300;87
321360;87
321420;87
321480;87
321540;87
321600;87
321660;87
321720;87
321780;87
321840;87
321900;87
321960;87
322020;87
322080;87
322140;87
322200;87
322260;87
322320;87
322380;87
322440;87
322500;87
322560;87
322620;87
322680;87
322740;87
322800;87
322860;87
322920;87
322980;87
323040;87
323100;87
323160;87
323220;87
323280;87
323340;87
323400;87
323460;87
323520;87
323580;87
323640;87
323700;87
323760;87
323820;87
323880;87
323940;87
324000;87
324060;87
324120;87
324180;87
324240;87
324300;87
324360;87
324420;87
324480;87
324540;87
324600;87
324660;87
324720;87
324780;87.375
324840;88
324900;88
324960;88
325020;88
325080;88
325140;88
325200;88
325260;88
325320;88
325380;88
325440;88
325500;88
325560;88
325620;88
325680;88
325740;88
325800;88
325860;88
325920;88
325980;88
326040;88
326100;88
326160;88
326220;88
326280;88
326340;88.375
326400;88.625
326460;88
326520;88
326580;88.375
326640;89
326700;89
326760;89
326820;89
326880;89
326940;89
327000;89
327060;89
327120;89
327180;89
327240;89
327300;89
327360;89
327420;89
327480;89
327540;89
327600;89
327660;89
327720;89
327780;89
327840;89
327900;89
327960;89
328020;89
328080;89
328140;89
328200;89
328260;89
328320;89
328380;89
328440;89
328500;89.375
328560;90
328620;90
328680;90
328740;90
328800;90
328860;90
328920;90
328980;90
329040;90
329100;90
329160;90
329220;90
329280;90
329340;90
329400;90
329460;90
329520;90
329580;90
329640;90
329700;90
329760;90
329820;90
329880;90
329940;90
330000;90
330060;90
330120;90
330180;90
330240;90
330300;90
330360;90
330420;90
330480;90
330540;90
330600;90
330660;90
330720;90
330780;90
330840;90
330900;90
330960;90
331020;90
331080;90
331140;90
331200;90
331260;90.375
331320;90.625
331380;90
331440;90
331500;90
331560;90
331620;90.375
331680;90.625
331740;90
331800;90
331860;90
331920;90
331980;90
332040;90
332100;90
332160;90
332220;90
332280;90
332340;90
332400;90
332460;90
332520;90
332580;90
332640;90
332700;90
332760;90
332820;90
332880;90
332940;90
333000;89.625
333060;89
333120;89
333180;89
333240;89
333300;89
333360;89
333420;89
333480;89
333540;89
333600;89
333660;89
333720;89
333780;89
333840;89
333900;89
333960;89
334020;89
334080;89
334140;89
334200;89
334260;89
334320;89
334380;89
334440;89
334500;89
334560;89
334620;89
334680;89
334740;89
334800;89
334860;89
334920;89
334980;89
335040;89
335100;89
335160;89
335220;89
335280;89
335340;89
335400;89
335460;89
335520;89
335580;89
335640;89
335700;89
335760;89
335820;89
335880;89
335940;89
336000;89
336060;89
336120;89
336180;89
336240;89
336300;89
336360;89
336420;89
336480;89
336540;89
336600;89
336660;89
336720;89
336780;89
336840;89
336900;89
336960;89
337020;88.625
337080;88
337140;88
337200;88
337260;88
337320;88
337380;88
337440;88
337500;88
337560;88
337620;88
337680;88
337740;88
337800;88
337860;88
337920;88
337980;88
338040;88
338100;88
338160;88
338220;88
338280;88
338340;88
338400;88
338460;88
338520;88
338580;88
338640;88
338700;88
338760;88
338820;88
338880;88
338940;88
339000;88
339060;88
339120;88
339180;88
339240;88
339300;88
339360;88
339420;88
339480;88
339540;88
339600;88
339660;88
339720;88
339780;88
339840;88
339900;88
339960;88
340020;88
340080;88
340140;88
340200;88
340260;88
340320;88
340380;88
340440;88
340500;88
340560;88
340620;88
340680;88
340740;88
340800;88
340860;88
340920;88
340980;88
341040;88.40625
341100;89
341160;89
341220;89
341280;89
341340;89
341400;89
341460;89
341520;89
341580;89
341640;89
341700;89
341760;89
341820;89
341880;89
341940;89
342000;89
342060;89
342120;89
342180;89
342240;89
342300;89
342360;89
342420;89
342480;89
342540;89
342600;89
342660;89
342720;89
342780;89
342840;89
342900;89
342960;89
343020;89
343080;89
343140;89
343200;89
343260;89
343320;89
343380;89
343440;89
343500;89
343560;89
343620;89
343680;89
343740;89
343800;89
343860;89
343920;89
343980;89
344040;89
344100;89
344160;89
344220;89.375
344280;90
344340;90
344400;90
344460;90
344520;90
344580;90
344640;90
344700;90
344760;90
344820;90
344880;90
344940;90
345000;90
345060;90
