0;114
60;114
120;114
180;113.46875
240;113
300;113
360;113.53125
420;114
480;115.0625
540;116
600;117.0625
660;119.0625
720;121.59375
780;124.0625
840;125
900;126.125
960;125.9375
1020;126.0625
1080;127
1140;127
1200;128.59375
1260;131.0625
1320;133.59375
1380;135
1440;135
1500;137.125
1560;139
1620;140.0625
1680;141.53125
1740;145.1875
1800;149.59375
1860;153.65625
1920;158.125
1980;160
2040;160
2100;160
2160;160
2220;161.0625
2280;160.9375
2340;158.9375
2400;158
2460;159.125
2520;162.65625
2580;167.125
2640;170.0625
2700;171.53125
2760;175.1875
2820;192.875
2880;212.375
2940;222.78125
3000;228.0625
3060;221.03125
3120;213.46875
3180;214.59375
3240;219.71875
3300;229.90625
3360;234.9375
3420;228.15625
3480;221.40625
3540;229.03125
3600;230.625
3660;215.4375
3720;205.40625
3780;205.0625
3840;206.53125
3900;209.375
3960;211
4020;209.9375
4080;209
4140;207.40625
4200;204.9375
4260;201.875
4320;198.40625
4380;192.21875
4440;184.28125
4500;176.21875
4560;164.5625
4620;152.6875
4680;142.15625
4740;137
4800;142.84375
4860;152.5
4920;160.78125
4980;168.1875
5040;176.3125
5100;188.875
5160;202.75
5220;196.90625
5280;191.71875
5340;190.21875
5400;181.75
5460;174.8125
5520;172
5580;171.46875
5640;171
5700;171
5760;169.9375
5820;165.8125
5880;163
5940;161.40625
6000;159
6060;156.9375
6120;149.625
6180;141.34375
6240;139
6300;134.21875
6360;130
6420;130
6480;128.9375
6540;126.40625
6600;121.28125
6660;116.9375
6720;116
6780;114.9375
6840;113.6
6900;113
6960;114.59375
7020;117.0625
7080;117
7140;118.125
7200;122.65625
7260;126.59375
7320;125.34375
7380;120.1875
7440;115.875
7500;113.46875
7560;113
7620;113
7680;115.65625
7740;118
7800;116.9375
7860;113.34375
7920;113.65625
7980;118.125
8040;114.15625
8100;109
8160;111.125
8220;115.65625
8280;119.59375
8340;120.46875
8400;117.875
8460;116
8520;114.9375
8580;113.46875
8640;114.59375
8700;119.71875
8760;127.78125
8820;139.4375
8880;151.3125
8940;161.84375
9000;173.375
9060;182
9120;190.3125
9180;197.125
9240;199.53125
9300;203.1875
9360;212.375
9420;221.71875
9480;222.875
9540;221
9600;224.1875
9660;225.9375
9720;226.0625
9780;227
9840;223.28125
9900;212.5625
9960;199.09375
10020;189.28125
10080;186
10140;184.40625
10200;180.875
10260;180.0625
10320;179.9375
10380;177.40625
10440;177.0625
10500;178.53125
10560;178.46875
10620;178
10680;178.53125
10740;179
10800;180.0625
10860;182.0625
10920;183
10980;184.0625
11040;185
11100;185.53125
11160;186
11220;186
11280;188.25
11340;191.0625
11400;192
11460;192.53125
11520;195.125
11580;198.59375
11640;201.0625
11700;202
11760;203.0625
11820;199.21875
11880;192.34375
11940;187.875
12000;184.40625
12060;180.875
12120;176.34375
12180;172.9375
12240;170.40625
12300;166.875
12360;163.9375
12420;161.40625
12480;158.9375
12540;156.9375
12600;155.46875
12660;154
12720;151.5714286
12780;148
12840;146.9375
12900;144.9375
12960;142.40625
13020;139.9375
13080;137.9375
13140;135.9375
13200;134.46875
13260;132.9375
13320;130.9375
13380;128.9375
13440;127.46875
13500;125.9375
13560;123.9375
13620;121.9375
13680;120.46875
13740;120
13800;120
13860;118.9375
13920;118
13980;118
14040;116.9375
14100;114.9375
14160;114
14220;113.46875
14280;113.53125
14340;114
14400;114
14460;114
14520;115.0625
14580;117.0625
14640;118
14700;119.0625
14760;120
14820;120.53125
14880;122.0625
14940;123
15000;124.0625
15060;126.0625
15120;129.65625
15180;133.0625
15240;135.6875
15300;138.0625
15360;140.0625
15420;141.53125
15480;143.0625
15540;145.0625
15600;148.65625
15660;152.0625
15720;154.0625
15780;155
15840;156.59375
15900;160.65625
15960;166.1875
16020;170.59375
16080;181.5625
16140;200.09375
16200;215.375
16260;223.125
16320;227.65625
16380;235.84375
16440;248.4375
16500;258.71875
16560;248.71875
16620;242.0625
16680;243.5
16740;241
16800;227.71875
16860;224.5
16920;214.46875
16980;192.09375
17040;185.46875
17100;185
17160;191.375
17220;200.71875
17280;192.84375
17340;181.9375
17400;165.0625
17460;145.6875
17520;134.09375
17580;121.625
17640;111.21875
17700;101.6875
17760;93.28125
17820;86.8125
17880;81.34375
17940;76.34375
18000;71.875
18060;68.40625
18120;67
18180;65.9375
18240;65
18300;66.0625
18360;67
18420;63.28125
18480;57.875
18540;54.9375
18600;54
18660;54
18720;54
18780;53.46875
18840;49.8125
18900;46.46875
18960;43.875
19020;42
19080;42
19140;40.875
19200;40
19260;40
19320;40
19380;40
19440;40
19500;40
19560;41.0625
19620;43.0625
19680;45.0625
19740;43.875
19800;40.9375
19860;40
19920;41.0625
19980;40.9375
20040;39.46875
20100;37.9375
20160;35.9375
20220;35
20280;35
20340;35
20400;33.9375
20460;32.46875
20520;32
20580;30.9375
20640;28.9375
20700;26.9375
20760;25.46875
20820;25
20880;25.53125
20940;26
21000;27.0625
21060;28
21120;28
21180;28
21240;28
21300;26.9375
21360;26
21420;26
21480;26
21540;26
21600;26
21660;25.46875
21720;25
21780;25
21840;25
21900;23.9375
21960;23
22020;21.9375
22080;21
22140;21
22200;21
22260;21
22320;21
22380;21
22440;19.9375
22500;19
22560;19
22620;19
22680;19
22740;19
22800;18.46875
22860;18
22920;16.875
22980;16
23040;14.9375
23100;14
23160;14
23220;14
23280;14
23340;14
23400;12.9375
23460;12
23520;11.46875
23580;11
23640;11
23700;9.9375
23760;9
23820;7.9375
23880;7
23940;7
24000;7
24060;7
24120;7
24180;5.9375
24240;5
24300;5
24360;5
24420;5
24480;5
24540;5
24600;5
24660;2.34375
24720;0
24780;0
24840;0
24900;0
24960;0
25020;0
25080;0
25140;0
25200;0
25260;0
25320;0
25380;0
25440;0
25500;0
25560;0
25620;0
25680;0
25740;0
25800;0
25860;0
25920;0
25980;0
26040;0
26100;0
26160;0
26220;0
26280;0
26340;0
26400;0
26460;0
26520;0
26580;0
26640;0
26700;0
26760;0
26820;0
26880;0
26940;0
27000;0
27060;0
27120;0
27180;0
27240;0
27300;0
27360;0
27420;0
27480;0
27540;0
27600;0
27660;0
27720;0
27780;0
27840;0
27900;0
27960;0
28020;0
28080;0
28140;0
28200;0
28260;0
28320;0
28380;0
28440;0
28500;0
28560;0
28620;0
28680;0
28740;0
28800;0
28860;0
28920;0
28980;0
29040;0
29100;0
29160;0
29220;0
29280;0
29340;0
29400;0
29460;0
29520;0
29580;0
29640;0
29700;0
29760;0
29820;0
29880;0
29940;0
30000;0
30060;0
30120;0
30180;0
30240;0
30300;0
30360;0
30420;0
30480;0
30540;0
30600;0
30660;0
30720;0
30780;0
30840;0
30900;0
30960;0
31020;0
31080;0
31140;0
31200;0
31260;0
31320;0
31380;0
31440;0
31500;0
31560;0
31620;0
31680;0
31740;0
31800;0
31860;0
31920;0
31980;0
32040;0
32100;0
32160;0
32220;0
32280;0
32340;0
32400;0
32460;0
32520;0
32580;0
32640;0
32700;0
32760;0
32820;0
32880;0
32940;0
33000;0
33060;0
33120;0
33180;0
33240;0
33300;0
33360;0
33420;0
33480;0
33540;0
33600;0
33660;0
33720;0
33780;0
33840;0
33900;0
33960;0
34020;0
34080;0
34140;0
34200;0
34260;0
34320;0
34380;0
34440;0
34500;0
34560;0
34620;0
34680;0
34740;0
34800;0
34860;0
34920;0
34980;0
35040;0
35100;0
35160;0
35220;0
35280;0
35340;0
35400;0
35460;0
35520;0
35580;0
35640;0
35700;0
35760;0
35820;0
35880;0
35940;0
36000;0
36060;0
36120;0
36180;0
36240;0
36300;0
36360;0
36420;0
36480;0
36540;0
36600;0
36660;0
36720;0
36780;0
36840;0
36900;0
36960;0
37020;0
37080;0
37140;0
37200;0
37260;0
37320;0
37380;0
37440;0
37500;0
37560;0
37620;0
37680;0
37740;0
37800;0
37860;0
37920;0
37980;0
38040;0
38100;0
38160;0
38220;0
38280;0
38340;0
38400;0
38460;0
38520;0
38580;0
38640;0
38700;0
38760;0
38820;0
38880;0
38940;0
39000;0
39060;0
39120;0
39180;0
39240;0
39300;0
39360;0
39420;0
39480;0
39540;0
39600;0
39660;0
39720;0
39780;0
39840;0
39900;0
39960;0
40020;0
40080;0
40140;0
40200;0
40260;0
40320;0
40380;0
40440;0
40500;0
40560;0
40620;0
40680;0
40740;0
40800;0
40860;0
40920;0
40980;0
41040;0
41100;0
41160;0
41220;0
41280;0
41340;0
41400;0
41460;0
41520;0
41580;0
41640;0
41700;0
41760;0
41820;0
41880;0
41940;0
42000;0
42060;0
42120;0
42180;0
42240;0
42300;0
42360;0
42420;0
42480;0
42540;0
42600;0
42660;0
42720;0
42780;0
42840;0
42900;0
42960;0
43020;0
43080;0
43140;0
43200;0
43260;0
43320;0
43380;0
43440;0
43500;0
43560;0
43620;0
43680;0
43740;0
43800;0
43860;0
43920;0
43980;0
44040;0
44100;0
44160;0
44220;0
44280;0
44340;0
44400;0
44460;0
44520;0
44580;0
44640;0
44700;0
44760;0
44820;0
44880;0
44940;0
45000;0
45060;0
45120;0
45180;0
45240;0
45300;0
45360;0
45420;0
45480;0
45540;0
45600;0
45660;0
45720;0
45780;0
45840;0
45900;0
45960;0
46020;0
46080;0
46140;0
46200;0
46260;0
46320;0
46380;0
46440;0
46500;0
46560;0
46620;0
46680;0
46740;0
46800;0
46860;0
46920;0
46980;0
47040;0
47100;0
47160;0
47220;0
47280;0
47340;0
47400;0
47460;0
47520;0
47580;0
47640;0
47700;0
47760;0
47820;0
47880;0
47940;0
48000;0
48060;0
48120;0
48180;0
48240;0
48300;0
48360;0
48420;0
48480;0
48540;0
48600;0
48660;0
48720;0
48780;0
48840;0
48900;0
48960;0
49020;0
49080;0
49140;0
49200;0
49260;0
49320;0
49380;0
49440;0
49500;0
49560;0
49620;0
49680;0
49740;0
49800;0
49860;0
49920;0
49980;0
50040;0
50100;0
50160;0
50220;0
50280;0
50340;0
50400;0
50460;0
50520;0
50580;0
50640;0
50700;0
50760;0
50820;0
50880;0
50940;0
51000;0
51060;0
51120;0
51180;0
51240;0
51300;0
51360;0
51420;0
51480;0
51540;0
51600;0
51660;0
51720;0
51780;0
51840;0
51900;0
51960;0
52020;0
52080;0
52140;0
52200;0
52260;0
52320;0
52380;0
52440;0
52500;0
52560;0
52620;0
52680;0
52740;0
52800;0
52860;0
52920;0
52980;0
53040;0
53100;0
53160;0
53220;0
53280;0
53340;0
53400;0
53460;0
53520;0
53580;0
53640;0
53700;0
53760;0
53820;0
53880;0
53940;0
54000;0
54060;0
54120;0
54180;0
54240;0
54300;0
54360;0
54420;0
54480;0
54540;0
54600;0
54660;0
54720;0
54780;0
54840;0
54900;0
54960;0
55020;0
55080;0
55140;0
55200;0
55260;0
55320;0
55380;0
55440;0
55500;0
55560;0
55620;0
55680;0
55740;0
55800;0
55860;0
55920;0
55980;0
56040;0
56100;0
56160;0
56220;0
56280;0
56340;0
56400;0
56460;0
56520;0
56580;0
56640;0
56700;0
56760;0
56820;0
56880;0
56940;0
57000;0
57060;0
57120;0
57180;0
57240;0
57300;0
57360;0
57420;0
57480;0
57540;0
57600;0
57660;0
57720;0
57780;0
57840;0
57900;0
57960;0
58020;0
58080;0
58140;0
58200;0
58260;0
58320;0
58380;0
58440;0
58500;0
58560;0
58620;0
58680;0
58740;0
58800;0
58860;0
58920;0
58980;0
59040;0
59100;0
59160;0
59220;0
59280;0
59340;0
59400;0
59460;0
59520;0
59580;0
59640;0
59700;0
59760;0
59820;0
59880;0
59940;0
60000;0
60060;0
60120;0
60180;0
60240;0
60300;0
60360;0
60420;0
60480;0
60540;0
60600;0
60660;0
60720;0
60780;0
60840;0
60900;0
60960;0
61020;0
61080;0
61140;0
61200;0
61260;0
61320;0
61380;0
61440;0
61500;0
61560;0
61620;0
61680;0
61740;0
61800;0
61860;0
61920;0
61980;0
62040;0
62100;0
62160;0
62220;0
62280;0
62340;0
62400;0
62460;0
62520;0
62580;0
62640;0
62700;0
62760;0
62820;0
62880;0
62940;0
63000;0
63060;0
63120;0
63180;0
63240;0
63300;0
63360;0
63420;0
63480;0
63540;0
63600;0
63660;0
63720;0
63780;0
63840;0
63900;0
63960;0
64020;0
64080;0
64140;0
64200;0
64260;0
64320;0
64380;0
64440;0
64500;0
64560;0
64620;0
64680;0
64740;0
64800;0
64860;0
64920;0
64980;0
65040;0
65100;0
65160;0
65220;0
65280;0
65340;0
65400;0
65460;0
65520;0
65580;0
65640;0
65700;0
65760;0
65820;0
65880;0
65940;0
66000;0
66060;0
66120;0
66180;0
66240;0
66300;0
66360;0
66420;0
66480;0
66540;0
66600;0
66660;0
66720;0
66780;0
66840;0
66900;0
66960;0
67020;0
67080;0
67140;0
67200;0
67260;0
67320;0
67380;0
67440;0
67500;0
67560;0
67620;0
67680;0
67740;0
67800;0
67860;0
67920;0
67980;0
68040;0
68100;0
68160;0
68220;0
68280;0
68340;0
68400;0
68460;0
68520;0
68580;0
68640;0
68700;0
68760;0
68820;0
68880;0
68940;0
69000;0
69060;0
69120;0
69180;0
69240;0
69300;0
69360;0
69420;0
69480;0
69540;0
69600;0
69660;0
69720;0
69780;0
69840;0
69900;0
69960;0
70020;0
70080;0
70140;0
70200;0
70260;0
70320;0
70380;0
70440;0
70500;0
70560;0
70620;0
70680;0
70740;0
70800;0
70860;0
70920;0
70980;0
71040;0
71100;0
71160;0
71220;0
71280;0
71340;0
71400;0
71460;0
71520;0
71580;0
71640;0
71700;0
71760;0
71820;0
71880;0
71940;0
72000;0
72060;0
72120;0
72180;0
72240;0
72300;0
72360;0
72420;0
72480;0
72540;0
72600;0
72660;0
72720;0
72780;0
72840;0
72900;0
72960;0
73020;0
73080;0
73140;0
73200;0
73260;0
73320;0
73380;0
73440;0
73500;0
73560;0
73620;0
73680;0
73740;0
73800;0
73860;0
73920;0
73980;0
74040;0
74100;0
74160;2.65625
74220;5
74280;5
74340;5
74400;5
74460;5
74520;6.0625
74580;7
74640;7
74700;7
74760;7
74820;7
74880;8.0625
74940;9
75000;9
75060;9
75120;9
75180;9
75240;9
75300;9
75360;10.59375
75420;12
75480;12
75540;11.46875
75600;11
75660;11
75720;11.53125
75780;12
75840;12
75900;12
75960;12
76020;13.0625
76080;14
76140;14
76200;14
76260;14
76320;12.9375
76380;13.0625
76440;15.0625
76500;16
76560;16
76620;17.0625
76680;18
76740;18.53125
76800;18.46875
76860;18
76920;18.53125
76980;20.0625
77040;21
77100;21
77160;21
77220;21
77280;21
77340;19.9375
77400;20.0625
77460;21
77520;21
77580;21
77640;21
77700;22.0625
77760;23
77820;24.0625
77880;25
77940;23.9375
78000;23
78060;21.9375
78120;21
78180;23.125
78240;25.53125
78300;26
78360;26
78420;27.0625
78480;28
78540;30.125
78600;32.53125
78660;31.35483871
78720;28.9375
78780;28
78840;28
78900;29
78960;31.0625
79020;32.53125
79080;33
79140;33
79200;33
79260;33
79320;33
79380;34.0625
79440;35
79500;36.0625
79560;38.0625
79620;39.53125
79680;40
79740;39.46875
79800;39
79860;39
79920;39
79980;39
80040;40.59375
80100;44.125
80160;44.9375
80220;44
80280;44
80340;45.59375
80400;49.125
80460;52.0625
80520;53
80580;53.53125
80640;54
80700;55.0625
80760;54.9375
80820;54
80880;55.0625
80940;59.1875
81000;66.25
81060;70
81120;70
81180;70
81240;67.34375
81300;63.9375
81360;63
81420;63
81480;62.46875
81540;60.9375
81600;58.9375
81660;56.9375
81720;56
81780;57
81840;58
81900;58
81960;58
82020;59.0625
82080;61.6875
82140;64.0625
82200;65
82260;65
82320;67.125
82380;69.53125
82440;73.71875
82500;76.46875
82560;76
82620;73.875
82680;70.9375
82740;71
82800;73.0625
82860;75.0625
82920;76
82980;76
83040;74.9375
83100;74
83160;74
83220;74
83280;74
83340;71.875
83400;69.46875
83460;69.53125
83520;71.0625
83580;74.125
83640;77.59375
83700;81.125
83760;83
83820;81.9375
83880;81
83940;80
84000;79
84060;80.0625
84120;81
84180;79.9375
84240;77.40625
84300;72.8125
84360;70
84420;68.40625
84480;64.875
84540;62.46875
84600;63.59375
84660;67.65625
84720;73.1875
84780;73.875
84840;70.40625
84900;67.9375
84960;67
85020;68.59375
85080;72.125
85140;75.0625
85200;73.875
85260;69.34375
85320;68.0625
85380;69.53125
85440;70
85500;71.0625
85560;74.125
85620;78.65625
85680;83.8125
85740;86
85800;86
85860;84.40625
85920;81.9375
85980;81
86040;83.65625
86100;87.0625
86160;89.0625
86220;92.65625
86280;98.71875
86340;100
86400;94.28125
86460;90.46875
86520;93.71875
86580;98.59375
86640;100
86700;94.6875
86760;88.9375
86820;89.0625
86880;90.53125
86940;91
87000;89.4
87060;85.875
87120;84
87180;86.125
87240;89.0625
87300;90.53125
87360;93.125
87420;98.71875
87480;105.71875
87540;112.71875
87600;118.125
87660;118.9375
87720;116.9375
87780;114.9375
87840;115.0625
87900;118.125
87960;121.59375
88020;123
88080;121.9375
88140;120.46875
88200;118.9375
88260;116.9375
88320;117.0625
88380;118
88440;118
88500;119.0625
88560;120
88620;120
88680;118
88740;116
88800;113.34375
88860;110.7647059
88920;109
88980;107.9375
89040;107
89100;108.0625
89160;110.0625
89220;112.0625
89280;111.9375
89340;109.875
89400;109
89460;111.125
89520;117.25
89580;122.0625
89640;124.0625
89700;125
89760;127.65625
89820;134.78125
89880;142.71875
89940;147.59375
90000;145.28125
90060;138.28125
90120;136.0625
90180;138.0625
90240;140.125
90300;141.53125
90360;143.0625
90420;146.125
90480;153.3125
90540;161.71875
90600;172.4375
90660;187.5
90720;202.4375
90780;211.65625
90840;212.40625
90900;212.0625
90960;213
91020;222.03125
91080;228.40625
91140;223.28125
91200;212.5625
91260;199.09375
91320;189.5
91380;184.40625
91440;184.0625
91500;185.53125
91560;184.40625
91620;179.28125
91680;173.875
91740;175.1875
91800;185.96875
91860;198.84375
91920;206.65625
91980;211.125
92040;211.9375
92100;206.21875
92160;197.21875
92220;190.34375
92280;189
92340;192.65625
92400;193.9375
92460;194.0625
92520;193.9375
92580;190.34375
92640;188
92700;176.84375
92760;160.625
92820;152.875
92880;153.65625
92940;158.125
93000;160
93060;160
93120;165.84375
93180;176.3125
93240;192.15625
93300;280.625
93360;391.96875
93420;436.4375
93480;407.40625
93540;356.34375
93600;319.34375
93660;299.34375
93720;274.6875
93780;252.34375
93840;241.5
93900;235.0625
93960;241.3125
94020;252.375
94080;260.125
94140;259.75
94200;252.6875
94260;243.21875
94320;239
94380;239
94440;237.9375
94500;237
94560;236.46875
94620;234.9375
94680;237.6129032
94740;241
94800;246.3125
94860;263.21875
94920;266.5625
94980;258.9375
95040;261.71875
95100;268.1875
95160;271.53125
95220;264.03125
95280;252.21875
95340;249.0625
95400;226.625
95460;191.125
95520;162.59375
95580;147.40625
95640;167.9375
95700;198
95760;232.25
95820;211.15625
95880;229.125
95940;262.1875
96000;250
96060;358.90625
96120;455
96180;313.15625
96240;276.71875
96300;355
96360;268.9375
96420;193
96480;202.5625
96540;204
96600;204.4375
96660;221.09375
96720;230
96780;360.6875
96840;479.1875
96900;498.46875
96960;513
97020;513
97080;473.15625
97140;438.53125
97200;410.3125
97260;385
97320;283
97380;188.8709677
97440;180.21875
97500;185.03125
97560;201.5
97620;201.5625
97680;195
97740;195
97800;208.8125
97860;241.71875
97920;305.6875
97980;346
98040;295
98100;191.03125
98160;134.21875
98220;126.28125
98280;121.40625
98340;126.375
98400;138.375
98460;133.90625
98520;120.21875
98580;114.9375
98640;122.5
98700;130
98760;285.125
98820;395.96875
98880;374.59375
98940;376
99000;309.0625
99060;234.0625
99120;257.1875
99180;290
99240;307
99300;349.625
99360;374
99420;285.28125
99480;203.28125
99540;190.96875
99600;175.5625
99660;176.4375
99720;212.75
99780;279.90625
99840;283.59375
99900;227.90625
99960;222.59375
100020;244.84375
100080;281.34375
100140;309
100200;242.0625
100260;186.71875
100320;191.59375
100380;192.46875
100440;192
100500;192
100560;191
100620;188
100680;186.40625
100740;185
100800;185.53125
100860;189.71875
100920;189.28125
100980;188.125
101040;184.15625
101100;180.0625
101160;185.78125
101220;186.28125
101280;181.9375
101340;176.21875
101400;175.71875
101460;178.46875
101520;178.53125
101580;180.0625
101640;181
101700;188.4375
101760;206.15625
101820;196.34375
101880;176.34375
101940;176.65625
102000;170.5
102060;153.96875
102120;140.15625
102180;135
102240;125.96875
102300;118.875
102360;118.9375
102420;120.65625
102480;125.125
102540;128.59375
102600;131.0625
102660;133.0625
102720;136.65625
102780;145.375
102840;155.78125
102900;161.59375
102960;158.75
103020;145.4375
103080;131.6875
103140;124.875
103200;119.28125
103260;110.15625
103320;104.46875
103380;104
103440;104.53125
103500;108.1875
103560;115.78125
103620;120.53125
103680;121
103740;122.0625
103800;121.40625
103860;116.28125
103920;109.8125
103980;105.40625
104040;99.21875
104100;92.34375
104160;90
104220;91.59375
104280;93
104340;91.40625
104400;88.9375
104460;87
104520;84.9375
104580;85.0625
104640;81.21875
104700;78.0625
104760;80
104820;81
104880;81
104940;82.0625
105000;83
105060;83.53125
105120;76.5625
105180;68.5
105240;67
105300;67
105360;67
105420;60.09375
105480;54
105540;54
105600;57.1875
105660;60
105720;57.875
105780;53.34375
105840;49.9375
105900;49
105960;49
106020;48
106080;46.46875
106140;44.9375
106200;42.9375
106260;42
106320;42
106380;41.15384615
106440;40
106500;39.46875
106560;37.9375
106620;37
106680;37
106740;37
106800;35.9375
106860;36.0625
106920;35.9375
106980;35
107040;35.9375
107100;35.9375
107160;33.40625
107220;30.9375
107280;30
107340;30
107400;30
107460;28.9375
107520;26.9375
107580;26
107640;26
107700;27.0625
107760;28
107820;26.9375
107880;27.0625
107940;28
108000;28
108060;28
108120;26.40625
108180;25
108240;25
108300;25
108360;25
108420;23.9375
108480;23
108540;24.0625
108600;25
108660;25
108720;23.9375
108780;23
108840;21.9375
108900;21
108960;19.40625
109020;16.9375
109080;16
109140;16
109200;14.9375
109260;14
109320;14
109380;14
109440;12.9375
109500;11.46875
109560;11
109620;11
109680;11
109740;9.9375
109800;9
109860;9
109920;7.9375
109980;7
110040;7
110100;7
110160;5.9375
110220;5
110280;5
110340;5
110400;5
110460;5
110520;5
110580;5
110640;5
110700;5
110760;2.34375
110820;0
110880;0
110940;0
111000;0
111060;0
111120;0
111180;0
111240;0
111300;0
111360;0
111420;0
111480;0
111540;0
111600;0
111660;0
111720;0
111780;0
111840;0
111900;0
111960;0
112020;0
112080;0
112140;0
112200;0
112260;0
112320;0
112380;0
112440;0
112500;0
112560;0
112620;0
112680;0
112740;0
112800;0
112860;0
112920;0
112980;0
113040;0
113100;0
113160;0
113220;0
113280;0
113340;0
113400;0
113460;0
113520;0
113580;0
113640;0
113700;0
113760;0
113820;0
113880;0
113940;0
114000;0
114060;0
114120;0
114180;0
114240;0
114300;0
114360;0
114420;0
114480;0
114540;0
114600;0
114660;0
114720;0
114780;0
114840;0
114900;0
114960;0
115020;0
115080;0
115140;0
115200;0
115260;0
115320;0
115380;0
115440;0
115500;0
115560;0
115620;0
115680;0
115740;0
115800;0
115860;0
115920;0
115980;0
116040;0
116100;0
116160;0
116220;0
116280;0
116340;0
116400;0
116460;0
116520;0
116580;0
116640;0
116700;0
116760;0
116820;0
116880;0
116940;0
117000;0
117060;0
117120;0
117180;0
117240;0
117300;0
117360;0
117420;0
117480;0
117540;0
117600;0
117660;0
117720;0
117780;0
117840;0
117900;0
117960;0
118020;0
118080;0
118140;0
118200;0
118260;0
118320;0
118380;0
118440;0
118500;0
118560;0
118620;0
118680;0
118740;0
118800;0
118860;0
118920;0
118980;0
119040;0
119100;0
119160;0
119220;0
119280;0
119340;0
119400;0
119460;0
119520;0
119580;0
119640;0
119700;0
119760;0
119820;0
119880;0
119940;0
120000;0
120060;0
120120;0
120180;0
120240;0
120300;0
120360;0
120420;0
120480;0
120540;0
120600;0
120660;0
120720;0
120780;0
120840;0
120900;0
120960;0
121020;0
121080;0
121140;0
121200;0
121260;0
121320;0
121380;0
121440;0
121500;0
121560;0
121620;0
121680;0
121740;0
121800;0
121860;0
121920;0
121980;0
122040;0
122100;0
122160;0
122220;0
122280;0
122340;0
122400;0
122460;0
122520;0
122580;0
122640;0
122700;0
122760;0
122820;0
122880;0
122940;0
123000;0
123060;0
123120;0
123180;0
123240;0
123300;0
123360;0
123420;0
123480;0
123540;0
123600;0
123660;0
123720;0
123780;0
123840;0
123900;0
123960;0
124020;0
124080;0
124140;0
124200;0
124260;0
124320;0
124380;0
124440;0
124500;0
124560;0
124620;0
124680;0
124740;0
124800;0
124860;0
124920;0
124980;0
125040;0
125100;0
125160;0
125220;0
125280;0
125340;0
125400;0
125460;0
125520;0
125580;0
125640;0
125700;0
125760;0
125820;0
125880;0
125940;0
126000;0
126060;0
126120;0
126180;0
126240;0
126300;0
126360;0
126420;0
126480;0
126540;0
126600;0
126660;0
126720;0
126780;0
126840;0
126900;0
126960;0
127020;0
127080;0
127140;0
127200;0
127260;0
127320;0
127380;0
127440;0
127500;0
127560;0
127620;0
127680;0
127740;0
127800;0
127860;0
127920;0
127980;0
128040;0
128100;0
128160;0
128220;0
128280;0
128340;0
128400;0
128460;0
128520;0
128580;0
128640;0
128700;0
128760;0
128820;0
128880;0
128940;0
129000;0
129060;0
129120;0
129180;0
129240;0
129300;0
129360;0
129420;0
129480;0
129540;0
129600;0
129660;0
129720;0
129780;0
129840;0
129900;0
129960;0
130020;0
130080;0
130140;0
130200;0
130260;0
130320;0
130380;0
130440;0
130500;0
130560;0
130620;0
130680;0
130740;0
130800;0
130860;0
130920;0
130980;0
131040;0
131100;0
131160;0
131220;0
131280;0
131340;0
131400;0
131460;0
131520;0
131580;0
131640;0
131700;0
131760;0
131820;0
131880;0
131940;0
132000;0
132060;0
132120;0
132180;0
132240;0
132300;0
132360;0
132420;0
132480;0
132540;0
132600;0
132660;0
132720;0
132780;0
132840;0
132900;0
132960;0
133020;0
133080;0
133140;0
133200;0
133260;0
133320;0
133380;0
133440;0
133500;0
133560;0
133620;0
133680;0
133740;0
133800;0
133860;0
133920;0
133980;0
134040;0
134100;0
134160;0
134220;0
134280;0
134340;0
134400;0
134460;0
134520;0
134580;0
134640;0
134700;0
134760;0
134820;0
134880;0
134940;0
135000;0
135060;0
135120;0
135180;0
135240;0
135300;0
135360;0
135420;0
135480;0
135540;0
135600;0
135660;0
135720;0
135780;0
135840;0
135900;0
135960;0
136020;0
136080;0
136140;0
136200;0
136260;0
136320;0
136380;0
136440;0
136500;0
136560;0
136620;0
136680;0
136740;0
136800;0
136860;0
136920;0
136980;0
137040;0
137100;0
137160;0
137220;0
137280;0
137340;0
137400;0
137460;0
137520;0
137580;0
137640;0
137700;0
137760;0
137820;0
137880;0
137940;0
138000;0
138060;0
138120;0
138180;0
138240;0
138300;0
138360;0
138420;0
138480;0
138540;0
138600;0
138660;0
138720;0
138780;0
138840;0
138900;0
138960;0
139020;0
139080;0
139140;0
139200;0
139260;0
139320;0
139380;0
139440;0
139500;0
139560;0
139620;0
139680;0
139740;0
139800;0
139860;0
139920;0
139980;0
140040;0
140100;0
140160;0
140220;0
140280;0
140340;0
140400;0
140460;0
140520;0
140580;0
140640;0
140700;0
140760;0
140820;0
140880;0
140940;0
141000;0
141060;0
141120;0
141180;0
141240;0
141300;0
141360;0
141420;0
141480;0
141540;0
141600;0
141660;0
141720;0
141780;0
141840;0
141900;0
141960;0
142020;0
142080;0
142140;0
142200;0
142260;0
142320;0
142380;0
142440;0
142500;0
142560;0
142620;0
142680;0
142740;0
142800;0
142860;0
142920;0
142980;0
143040;0
143100;0
143160;0
143220;0
143280;0
143340;0
143400;0
143460;0
143520;0
143580;0
143640;0
143700;0
143760;0
143820;0
143880;0
143940;0
144000;0
144060;0
144120;0
144180;0
144240;0
144300;0
144360;0
144420;0
144480;0
144540;0
144600;0
144660;0
144720;0
144780;0
144840;0
144900;0
144960;0
145020;0
145080;0
145140;0
145200;0
145260;0
145320;0
145380;0
145440;0
145500;0
145560;0
145620;0
145680;0
145740;0
145800;0
145860;0
145920;0
145980;0
146040;0
146100;0
146160;0
146220;0
146280;0
146340;0
146400;0
146460;0
146520;0
146580;0
146640;0
146700;0
146760;0
146820;0
146880;0
146940;0
147000;0
147060;0
147120;0
147180;0
147240;0
147300;0
147360;0
147420;0
147480;0
147540;0
147600;0
147660;0
147720;0
147780;0
147840;0
147900;0
147960;0
148020;0
148080;0
148140;0
148200;0
148260;0
148320;0
148380;0
148440;0
148500;0
148560;0
148620;0
148680;0
148740;0
148800;0
148860;0
148920;0
148980;0
149040;0
149100;0
149160;0
149220;0
149280;0
149340;0
149400;0
149460;0
149520;0
149580;0
149640;0
149700;0
149760;0
149820;0
149880;0
149940;0
150000;0
150060;0
150120;0
150180;0
150240;0
150300;0
150360;0
150420;0
150480;0
150540;0
150600;0
150660;0
150720;0
150780;0
150840;0
150900;0
150960;0
151020;0
151080;0
151140;0
151200;0
151260;0
151320;0
151380;0
151440;0
151500;0
151560;0
151620;0
151680;0
151740;0
151800;0
151860;0
151920;0
151980;0
152040;0
152100;0
152160;0
152220;0
152280;0
152340;0
152400;0
152460;0
152520;0
152580;0
152640;0
152700;0
152760;0
152820;0
152880;0
152940;0
153000;0
153060;0
153120;0
153180;0
153240;0
153300;0
153360;0
153420;0
153480;0
153540;0
153600;0
153660;0
153720;0
153780;0
153840;0
153900;0
153960;0
154020;0
154080;0
154140;0
154200;0
154260;0
154320;0
154380;0
154440;0
154500;0
154560;0
154620;0
154680;0
154740;0
154800;0
154860;0
154920;0
154980;0
155040;0
155100;0
155160;0
155220;0
155280;0
155340;0
155400;0
155460;0
155520;0
155580;0
155640;0
155700;0
155760;0
155820;0
155880;0
155940;0
156000;0
156060;0
156120;0
156180;0
156240;0
156300;0
156360;0
156420;0
156480;0
156540;0
156600;0
156660;0
156720;0
156780;0
156840;0
156900;0
156960;0
157020;0
157080;0
157140;0
157200;0
157260;0
157320;0
157380;0
157440;0
157500;0
157560;0
157620;0
157680;0
157740;0
157800;0
157860;0
157920;0
157980;0
158040;0
158100;0
158160;0
158220;0
158280;0
158340;0
158400;0
158460;0
158520;0
158580;0
158640;0
158700;0
158760;0
158820;0
158880;0
158940;0
159000;2.222222222
159060;5
159120;5
159180;5
159240;5
159300;5
159360;5
159420;6.0625
159480;7
159540;7
159600;7
159660;8.0625
159720;7.9375
159780;8.0625
159840;9
159900;9
159960;10.0625
160020;11
160080;11
160140;11.53125
160200;12
160260;13.0625
160320;14
160380;15.0625
160440;14.9375
160500;12.9375
160560;14.125
160620;14.9375
160680;17.71875
160740;18.34375
160800;14.75
160860;19.84375
160920;21.8125
160980;18.46875
161040;18.53125
161100;21.125
161160;24.0625
161220;26.40625
161280;26.875
161340;29.1875
161400;28.8125
161460;29.1875
161520;28.8125
161580;31.84375
161640;31.32258065
161700;31.84375
161760;38.0625
161820;41.65625
161880;39.21875
161940;36.0625
162000;38.59375
162060;37.34375
162120;41.375
162180;40.25
162240;39.78125
162300;45.59375
162360;46.46875
162420;47.59375
162480;40.5
162540;37.78125
162600;48.375
162660;50.28125
162720;39.5625
162780;46.28125
162840;46.84375
162900;37
162960;39.65625
163020;44.65625
163080;47
163140;45.40625
163200;47.71875
163260;60.5625
163320;59.4375
163380;44.625
163440;51.75
163500;68.84375
163560;60.71875
163620;55.90625
163680;61.0625
163740;57.875
163800;56
163860;63.71875
163920;67.9375
163980;59
164040;43.5625
164100;37
164160;47.09375
164220;58.125
164280;54.15625
164340;49
164400;52.71875
164460;63.4375
164520;65.75
164580;49.78125
164640;39.53125
164700;59.65625
164760;63.1875
164820;48.875
164880;48
164940;53.78125
165000;55.875
165060;56.125
165120;63.84375
165180;61.03125
165240;57.375
165300;62.65625
165360;67.65625
165420;57.25
165480;61.9375
165540;68.5625
165600;57.21875
165660;58.3125
165720;63
165780;70.4375
165840;69.03125
165900;58.8125
165960;62.90625
166020;83.875
166080;98.40625
166140;93.625
166200;89.59375
166260;84.625
166320;100.875
166380;140.03125
166440;145.46875
166500;128.9375
166560;111.53125
166620;112.9375
166680;134.03125
166740;156.34375
166800;142.96875
166860;163.3125
166920;184.5
166980;196.4375
167040;183.46875
167100;204.53125
167160;221.84375
167220;183.1875
167280;189.59375
167340;213.96875
167400;194.4375
167460;169.9375
167520;155.71875
167580;139.21875
167640;144.5625
167700;151.9375
167760;146.21875
167820;142
167880;139.34375
167940;131.6875
168000;134.96875
168060;143.0625
168120;163.65625
168180;181
168240;165.0625
168300;169.59375
168360;166.34375
168420;155.90625
168480;169.4375
168540;176
168600;187.15625
168660;240
168720;295.21875
168780;306
168840;306
168900;306
168960;238
169020;166.3125
169080;181.5
169140;204
169200;204
169260;175.3125
169320;138.125
169380;115.4375
169440;124
169500;162.375
169560;164.40625
169620;153.3125
169680;160.125
169740;151.375
169800;145.71875
169860;149
169920;161.21875
169980;184.21875
170040;170.03125
170100;133.65625
170160;139.0625
170220;183
170280;197.71875
170340;186
170400;186
170460;173.25
170520;153.5
170580;146
170640;222.0454545
170700;385
170760;385
170820;385
170880;385
170940;291.5
171000;209
171060;210.0625
171120;201.4375
171180;178.125
171240;154.90625
171300;138.5625
171360;121.90625
171420;117.25
171480;145.4375
171540;169.125
171600;167.8125
171660;159.6875
171720;149.15625
171780;176.9375
171840;209.71875
171900;211
171960;211.5
172020;186.375
172080;143.9375
172140;128
172200;128
172260;159.875
172320;206.5
172380;193.125
172440;165
172500;165
172560;183.0625
172620;205.375
172680;213.65625
172740;216
172800;282
172860;381.46875
172920;305.8125
172980;213
173040;283.125
173100;345
173160;261.59375
173220;216.15625
173280;241
173340;258.53125
173400;274
173460;276.65625
173520;256.15625
173580;236
173640;236
173700;213.516129
173760;235.90625
173820;245.96875
173880;213.96875
173940;206
174000;240.53125
174060;292.25
174120;271.6875
174180;240.1875
174240;260.5
174300;263.9375
174360;245.5625
174420;242.71875
174480;237.5
174540;236.1875
174600;248.4375
174660;291.125
174720;328.0625
174780;336.78125
174840;341
174900;341
174960;321.5
175020;261.09375
175080;219.15625
175140;206.03125
175200;190.5
175260;180.875
175320;188.5625
175380;208.15625
175440;199.40625
175500;180.34375
175560;178
175620;174.8125
175680;155.53125
175740;150.03125
175800;172.0625
175860;171.84375
175920;148.5
175980;119.0625
176040;102.34375
176100;98.9375
176160;96.40625
176220;117.5
176280;149.34375
176340;169.4375
176400;180.78125
176460;188.71875
176520;192
176580;190.7407407
176640;201.15625
176700;212.0625
176760;208.21875
176820;198.15625
176880;189.28125
176940;170.0625
177000;155.46875
177060;161
177120;176.5625
177180;191.375
177240;186.90625
177300;183.3125
177360;194.375
177420;209.5625
177480;213.21875
177540;203.6875
177600;226.09375
177660;250
177720;250
177780;247.875
177840;243.34375
177900;232.5
177960;222.75
178020;221
178080;228.96875
178140;336.40625
178200;425
178260;425
178320;363.375
178380;278.5
178440;233.125
178500;228.5
178560;224.3125
178620;218.78125
178680;251.15625
178740;274.9375
178800;291
178860;306
178920;306
178980;329.375
179040;380.8125
179100;408
179160;409.59375
179220;371.15625
179280;336
179340;255.78125
179400;216.34375
179460;236.03125
179520;229
179580;206.15625
179640;187.0625
179700;195.4375
179760;203.0625
179820;194.4375
179880;178.5625
179940;158.5
180000;171.375
180060;209.53125
180120;233.5
180180;249.5
180240;244.78125
180300;258.96875
180360;237.96875
180420;280.75
180480;352
180540;352
180600;352
180660;289.5
180720;217.4375
180780;209
180840;209
180900;228.65625
180960;246
181020;253.4375
181080;260
181140;260
181200;260
181260;312.59375
181320;359
181380;448.25
181440;527
181500;521.6875
181560;505.84375
181620;452.96875
181680;423.5
181740;459.6875
181800;490.84375
181860;496
181920;446.625
181980;412.21875
182040;417.03125
182100;428.71875
182160;425.625
182220;403
182280;381.625
182340;376
182400;396.8636364
182460;321.71875
182520;250
182580;315.34375
182640;373
182700;257.125
182760;159.5625
182820;260.3125
182880;342.78125
182940;346.34375
183000;361.65625
183060;361.875
183120;321.21875
183180;287
183240;287
183300;264.15625
183360;231.25
183420;269.40625
183480;319.375
183540;323.9375
183600;323
183660;323
183720;320.34375
183780;311.625
183840;300.15625
183900;293.40625
183960;292
184020;292
184080;283.5
184140;269.625
184200;252.84375
184260;250.96875
184320;260.125
184380;264.65625
184440;263.28125
184500;256.28125
184560;251.9375
184620;251
184680;251
184740;268
184800;296.28125
184860;317.03125
184920;331.90625
184980;350.75
185040;364.125
185100;376.09375
185160;389.78125
185220;394
185280;375.40625
185340;361.65625
185400;364
185460;362.9375
185520;351.90625
185580;336.09375
185640;338.5
185700;347.0625
185760;333.375
185820;312.4375
185880;304
185940;304
186000;304
186060;297.625
186120;292
186180;280.84375
186240;271
186300;271.53125
186360;258.5
186420;251.71875
186480;257.65625
186540;257.34375
186600;244.90625
186660;236.53125
186720;234.34375
186780;205.96875
186840;169.71875
186900;150.5625
186960;144
187020;146.8125
187080;139.5
187140;131.0625
187200;137.3125
187260;149.4375
187320;150.6875
187380;147.0625
187440;144.8125
187500;143.0625
187560;141.34375
187620;139
187680;136.65625
187740;130.28125
187800;127.53125
187860;128
187920;131.5
187980;143.5
188040;153.65625
188100;150.6875
188160;148.4347826
188220;153
188280;157.78125
188340;158.28125
188400;150.21875
188460;142.28125
188520;136.34375
188580;136.8125
188640;141.65625
188700;147.71875
188760;155.78125
188820;160
188880;155.21875
188940;149.9375
189000;147.40625
189060;146
189120;146
189180;147.0625
189240;145.875
189300;144
189360;146.125
189420;160.75
189480;174.125
189540;174
189600;171.46875
189660;165.15625
189720;157.1875
189780;156.59375
189840;160.125
189900;157.21875
189960;146.625
190020;135.15625
190080;136.375
190140;142
190200;140.40625
190260;137.9375
190320;135.40625
190380;131.875
190440;127.34375
190500;122.875
190560;118.34375
190620;114.40625
190680;111.9375
190740;108.875
190800;107
190860;104.34375
190920;100.9375
190980;99
191040;97.46875
191100;95.9375
191160;93.9375
191220;91.9375
191280;90.46875
191340;88.9375
191400;88
191460;86.9375
191520;86
191580;84.9375
191640;84
191700;83.46875
191760;83
191820;80.875
191880;79
191940;77.9375
192000;76.46875
192060;76
192120;74.9375
192180;74
192240;72.9375
192300;70.875
192360;70
192420;69.46875
192480;69
192540;69
192600;67.9375
192660;67
192720;65.9375
192780;63.9375
192840;63
192900;62.46875
192960;62
193020;60.9375
193080;60
193140;58.9375
193200;56.9375
193260;54.9375
193320;53.46875
193380;53
193440;51.9375
193500;49.9375
193560;49
193620;47.9375
193680;46.46875
193740;44.9375
193800;44
193860;42.9375
193920;42
193980;40.9375
194040;40
194100;40
194160;39.5
194220;39
194280;37.9375
194340;37
194400;37
194460;35.9375
194520;35
194580;33.9375
194640;33
194700;32.40625
194760;30.9375
194820;30
194880;28.9375
194940;28
195000;28
195060;26.9375
195120;26
195180;25.46875
195240;23.9375
195300;23
195360;23
195420;21.9375
195480;21
195540;19.9375
195600;19
195660;18.46875
195720;18
195780;18
195840;16.9375
195900;16
195960;16
196020;14.9375
196080;14
196140;12.9375
196200;12
196260;12
196320;12
196380;11.46875
196440;11
196500;11
196560;9.9375
196620;9
196680;7.9375
196740;7
196800;7
196860;7
196920;5.9375
196980;5
197040;2.34375
197100;0
197160;0
197220;0
197280;0
197340;0
197400;0
197460;0
197520;0
197580;0
197640;0
197700;0
197760;0
197820;0
197880;0
197940;0
198000;0
198060;0
198120;0
198180;0
198240;0
198300;0
198360;0
198420;0
198480;0
198540;0
198600;0
198660;0
198720;0
198780;0
198840;0
198900;0
198960;0
199020;0
199080;0
199140;0
199200;0
199260;0
199320;0
199380;0
199440;0
199500;0
199560;0
199620;0
199680;0
199740;0
199800;0
199860;0
199920;0
199980;0
200040;0
200100;0
200160;0
200220;0
200280;0
200340;0
200400;0
200460;0
200520;0
200580;0
200640;0
200700;0
200760;0
200820;0
200880;0
200940;0
201000;0
201060;0
201120;0
201180;0
201240;0
201300;0
201360;0
201420;0
201480;0
201540;0
201600;0
201660;0
201720;0
201780;0
201840;0
201900;0
201960;0
202020;0
202080;0
202140;0
202200;0
202260;0
202320;0
202380;0
202440;0
202500;0
202560;0
202620;0
202680;0
202740;0
202800;0
202860;0
202920;0
202980;0
203040;0
203100;0
203160;0
203220;0
203280;0
203340;0
203400;0
203460;0
203520;0
203580;0
203640;0
203700;0
203760;0
203820;0
203880;0
203940;0
204000;0
204060;0
204120;0
204180;0
204240;0
204300;0
204360;0
204420;0
204480;0
204540;0
204600;0
204660;0
204720;0
204780;0
204840;0
204900;0
204960;0
205020;0
205080;0
205140;0
205200;0
205260;0
205320;0
205380;0
205440;0
205500;0
205560;0
205620;0
205680;0
205740;0
205800;0
205860;0
205920;0
205980;0
206040;0
206100;0
206160;0
206220;0
206280;0
206340;0
206400;0
206460;0
206520;0
206580;0
206640;0
206700;0
206760;0
206820;0
206880;0
206940;0
207000;0
207060;0
207120;0
207180;0
207240;0
207300;0
207360;0
207420;0
207480;0
207540;0
207600;0
207660;0
207720;0
207780;0
207840;0
207900;0
207960;0
208020;0
208080;0
208140;0
208200;0
208260;0
208320;0
208380;0
208440;0
208500;0
208560;0
208620;0
208680;0
208740;0
208800;0
208860;0
208920;0
208980;0
209040;0
209100;0
209160;0
209220;0
209280;0
209340;0
209400;0
209460;0
209520;0
209580;0
209640;0
209700;0
209760;0
209820;0
209880;0
209940;0
210000;0
210060;0
210120;0
210180;0
210240;0
210300;0
210360;0
210420;0
210480;0
210540;0
210600;0
210660;0
210720;0
210780;0
210840;0
210900;0
210960;0
211020;0
211080;0
211140;0
211200;0
211260;0
211320;0
211380;0
211440;0
211500;0
211560;0
211620;0
211680;0
211740;0
211800;0
211860;0
211920;0
211980;0
212040;0
212100;0
212160;0
212220;0
212280;0
212340;0
212400;0
212460;0
212520;0
212580;0
212640;0
212700;0
212760;0
212820;0
212880;0
212940;0
213000;0
213060;0
213120;0
213180;0
213240;0
213300;0
213360;0
213420;0
213480;0
213540;0
213600;0
213660;0
213720;0
213780;0
213840;0
213900;0
213960;0
214020;0
214080;0
214140;0
214200;0
214260;0
214320;0
214380;0
214440;0
214500;0
214560;0
214620;0
214680;0
214740;0
214800;0
214860;0
214920;0
214980;0
215040;0
215100;0
215160;0
215220;0
215280;0
215340;0
215400;0
215460;0
215520;0
215580;0
215640;0
215700;0
215760;0
215820;0
215880;0
215940;0
216000;0
216060;0
216120;0
216180;0
216240;0
216300;0
216360;0
216420;0
216480;0
216540;0
216600;0
216660;0
216720;0
216780;0
216840;0
216900;0
216960;0
217020;0
217080;0
217140;0
217200;0
217260;0
217320;0
217380;0
217440;0
217500;0
217560;0
217620;0
217680;0
217740;0
217800;0
217860;0
217920;0
217980;0
218040;0
218100;0
218160;0
218220;0
218280;0
218340;0
218400;0
218460;0
218520;0
218580;0
218640;0
218700;0
218760;0
218820;0
218880;0
218940;0
219000;0
219060;0
219120;0
219180;0
219240;0
219300;0
219360;0
219420;0
219480;0
219540;0
219600;0
219660;0
219720;0
219780;0
219840;0
219900;0
219960;0
220020;0
220080;0
220140;0
220200;0
220260;0
220320;0
220380;0
220440;0
220500;0
220560;0
220620;0
220680;0
220740;0
220800;0
220860;0
220920;0
220980;0
221040;0
221100;0
221160;0
221220;0
221280;0
221340;0
221400;0
221460;0
221520;0
221580;0
221640;0
221700;0
221760;0
221820;0
221880;0
221940;0
222000;0
222060;0
222120;0
222180;0
222240;0
222300;0
222360;0
222420;0
222480;0
222540;0
222600;0
222660;0
222720;0
222780;0
222840;0
222900;0
222960;0
223020;0
223080;0
223140;0
223200;0
223260;0
223320;0
223380;0
223440;0
223500;0
223560;0
223620;0
223680;0
223740;0
223800;0
223860;0
223920;0
223980;0
224040;0
224100;0
224160;0
224220;0
224280;0
224340;0
224400;0
224460;0
224520;0
224580;0
224640;0
224700;0
224760;0
224820;0
224880;0
224940;0
225000;0
225060;0
225120;0
225180;0
225240;0
225300;0
225360;0
225420;0
225480;0
225540;0
225600;0
225660;0
225720;0
225780;0
225840;0
225900;0
225960;0
226020;0
226080;0
226140;0
226200;0
226260;0
226320;0
226380;0
226440;0
226500;0
226560;0
226620;0
226680;0
226740;0
226800;0
226860;0
226920;0
226980;0
227040;0
227100;0
227160;0
227220;0
227280;0
227340;0
227400;0
227460;0
227520;0
227580;0
227640;0
227700;0
227760;0
227820;0
227880;0
227940;0
228000;0
228060;0
228120;0
228180;0
228240;0
228300;0
228360;0
228420;0
228480;0
228540;0
228600;0
228660;0
228720;0
228780;0
228840;0
228900;0
228960;0
229020;0
229080;0
229140;0
229200;0
229260;0
229320;0
229380;0
229440;0
229500;0
229560;0
229620;0
229680;0
229740;0
229800;0
229860;0
229920;0
229980;0
230040;0
230100;0
230160;0
230220;0
230280;0
230340;0
230400;0
230460;0
230520;0
230580;0
230640;0
230700;0
230760;0
230820;0
230880;0
230940;0
231000;0
231060;0
231120;0
231180;0
231240;0
231300;0
231360;0
231420;0
231480;0
231540;0
231600;0
231660;0
231720;0
231780;0
231840;0
231900;0
231960;0
232020;0
232080;0
232140;0
232200;0
232260;0
232320;0
232380;0
232440;0
232500;0
232560;0
232620;0
232680;0
232740;0
232800;0
232860;0
232920;0
232980;0
233040;0
233100;0
233160;0
233220;0
233280;0
233340;0
233400;0
233460;0
233520;0
233580;0
233640;0
233700;0
233760;0
233820;0
233880;0
233940;0
234000;0
234060;0
234120;0
234180;0
234240;0
234300;0
234360;0
234420;0
234480;0
234540;0
234600;0
234660;0
234720;0
234780;0
234840;0
234900;0
234960;0
235020;0
235080;0
235140;0
235200;0
235260;0
235320;0
235380;0
235440;0
235500;0
235560;0
235620;0
235680;0
235740;0
235800;0
235860;0
235920;0
235980;0
236040;0
236100;0
236160;0
236220;0
236280;0
236340;0
236400;0
236460;0
236520;0
236580;0
236640;0
236700;0
236760;0
236820;0
236880;0
236940;0
237000;0
237060;0
237120;0
237180;0
237240;0
237300;0
237360;0
237420;0
237480;0
237540;0
237600;0
237660;0
237720;0
237780;0
237840;0
237900;0
237960;0
238020;0
238080;0
238140;0
238200;0
238260;0
238320;0
238380;0
238440;0
238500;0
238560;0
238620;0
238680;0
238740;0
238800;0
238860;0
238920;0
238980;0
239040;0
239100;0
239160;0
239220;0
239280;0
239340;0
239400;0
239460;0
239520;0
239580;0
239640;0
239700;0
239760;0
239820;0
239880;0
239940;0
240000;0
240060;0
240120;0
240180;0
240240;0
240300;0
240360;0
240420;0
240480;0
240540;0
240600;0
240660;0
240720;0
240780;0
240840;0
240900;0
240960;0
241020;0
241080;0
241140;0
241200;0
241260;0
241320;0
241380;0
241440;0
241500;0
241560;0
241620;0
241680;0
241740;0
241800;0
241860;0
241920;0
241980;0
242040;0
242100;0
242160;0
242220;0
242280;0
242340;0
242400;0
242460;0
242520;0
242580;0
242640;0
242700;0
242760;0
242820;0
242880;0
242940;0
243000;0
243060;0
243120;0
243180;0
243240;0
243300;0
243360;0
243420;0
243480;0
243540;0
243600;0
243660;0
243720;0
243780;0
243840;0
243900;0
243960;0
244020;0
244080;0
244140;0
244200;0
244260;0
244320;0
244380;0
244440;0
244500;0
244560;0
244620;0
244680;0
244740;0
244800;0
244860;0
244920;0
244980;0
245040;0
245100;0
245160;0
245220;0
245280;0
245340;0
245400;0
245460;0
245520;0
245580;0
245640;0
245700;2.65625
245760;5
245820;5
245880;6.0625
245940;7
246000;7
246060;8.0625
246120;9
246180;9
246240;10.0625
246300;11
246360;11.53125
246420;12
246480;12
246540;12
246600;12
246660;13.13333333
246720;14
246780;15.0625
246840;16
246900;17.0625
246960;18.53125
247020;19
247080;20
247140;21
247200;22.0625
247260;24.0625
247320;25.53125
247380;26
247440;26
247500;27.0625
247560;28
247620;29.0625
247680;30
247740;31.0625
247800;32.53125
247860;33
247920;33
247980;34.0625
248040;36.0625
248100;38.0625
248160;39.53125
248220;42
248280;45.0625
248340;47.59375
248400;51.125
248460;54.6875
248520;57.0625
248580;59.0625
248640;60
248700;60
248760;60
248820;61.0625
248880;62
248940;62.53125
249000;64.0625
249060;66.0625
249120;67
249180;65.9375
249240;65
249300;63.75
249360;63
249420;63
249480;64.0625
249540;66.0625
249600;68.6875
249660;72
249720;75.0625
249780;76.53125
249840;78.0625
249900;80.0625
249960;82.0625
250020;83
250080;86.71875
250140;90.53125
250200;96.84375
250260;98.28125
250320;96.59375
250380;101.71875
250440;105
250500;100.75
250560;97
250620;95.9375
250680;96.59375
250740;98
250800;100.125
250860;103.0625
250920;107.71875
250980;112.0625
251040;108.75
251100;108.1875
251160;109.9375
251220;107.9375
251280;105.40625
251340;102.9375
251400;100.9375
251460;101.0625
251520;103.0625
251580;104.53125
251640;106.0625
251700;108.0625
251760;110.0625
251820;112.59375
251880;116.125
251940;118
252000;118
252060;119.0625
252120;121.59375
252180;126.71875
252240;130
252300;128.40625
252360;127.53125
252420;129
252480;132
252540;133.59375
252600;136.0625
252660;141.78125
252720;151.3125
252780;164.5
252840;177.84375
252900;186.71875
252960;200.09375
253020;209
253080;233.4375
253140;248.625
253200;252.03125
253260;257.34375
253320;255
253380;263.5
253440;269.9375
253500;267.9375
253560;264.34375
253620;254.5625
253680;243.21875
253740;233.6875
253800;223.15625
253860;210.5625
253920;195.5
253980;190.65625
254040;192.46875
254100;192.53125
254160;192.46875
254220;196.25
254280;200
254340;197.5
254400;196.0625
254460;192.21875
254520;186.40625
254580;181.8125
254640;179
254700;182.1875
254760;181.28125
254820;180.65625
254880;189.375
254940;218.375
255000;264.5
255060;250.34375
255120;236.59375
255180;249.28125
255240;221.5625
255300;201.0625
255360;200.40625
255420;203.25
255480;198.5
255540;182.5625
255600;173.34375
255660;166.75
255720;163
255780;170.96875
255840;180.65625
255900;173.4375
255960;163.9375
256020;159.28125
256080;153.1875
256140;149.9375
256200;148.46875
256260;146.9375
256320;146
256380;147.0625
256440;148.53125
256500;150.0625
256560;149.9375
256620;151.125
256680;150.875
256740;147.40625
256800;147.59375
256860;147.40625
256920;147.0625
256980;146.9375
257040;143.34375
257100;139.9375
257160;137.9375
257220;138.0625
257280;139
257340;140.0625
257400;141.53125
257460;143.0625
257520;145.0625
257580;147.0625
257640;148.53125
257700;150.0625
257760;151
257820;151
257880;151
257940;152.125
258000;153
258060;154.0625
258120;155.53125
258180;156
258240;156
258300;156
258360;155.1052632
258420;155
258480;153.9375
258540;151.9375
258600;151
258660;149.40625
258720;148
258780;148
258840;148
258900;147
258960;147.0625
259020;148
259080;148
259140;148
259200;148
259260;148
259320;148
259380;148
259440;146.9375
259500;146
259560;146
259620;146
259680;146
259740;146
259800;146
259860;147.0625
259920;148
259980;148
260040;148.53125
260100;149
260160;150.0625
260220;151
260280;152.125
260340;154.0625
260400;155.53125
260460;157.0625
260520;160.65625
260580;164.0625
260640;166.0625
260700;169.125
260760;171.53125
260820;173.0625
260880;175.0625
260940;177.0625
261000;179.59375
261060;182.0625
261120;184.0625
261180;185
261240;185.53125
261300;187.0625
261360;190.125
261420;193.59375
261480;195
261540;195
261600;199.78125
261660;202.9375
261720;203.0625
261780;205.59375
261840;206.46875
261900;206.53125
261960;210.1875
262020;213.53125
262080;215.0625
262140;217.0625
262200;219.0625
262260;220
262320;221.59375
262380;224.0625
262440;226.0625
262500;228.59375
262560;227.34375
262620;221.28125
262680;214.28125
262740;208.34375
262800;202.8125
262860;197.34375
262920;193.9375
262980;195.125
263040;197
263100;191.15625
263160;184.40625
263220;183
263280;183
263340;184.59375
263400;187.0625
263460;189.0625
263520;191.125
263580;192
263640;192.53125
263700;194.0625
263760;196.0625
263820;197
263880;198.0625
263940;199.53125
264000;203.71875
264060;207
264120;207
264180;207
264240;207
264300;207
264360;207
264420;207
264480;208.0625
264540;210.0625
264600;213.65625
264660;218.25
264720;216.8125
264780;214
264840;211.1875
264900;207.9375
264960;205.40625
265020;202.9375
265080;200.9375
265140;199.46875
265200;199
265260;199
265320;199.53125
265380;198.40625
265440;194.875
265500;192.46875
265560;190.9375
265620;190
265680;190
265740;188.9375
265800;186.9375
265860;184.40625
265920;183
265980;181.9375
266040;181
266100;181
266160;181
266220;181
266280;181
266340;181
266400;181
266460;182.0625
266520;183
266580;184.0625
266640;185.5
266700;187.0625
266760;188
266820;188
266880;188
266940;189.0625
267000;190
267060;191.0625
267120;192
267180;193.59375
267240;196.0625
267300;199.65625
267360;204.65625
267420;214.4375
267480;229.5
267540;233.28125
267600;225.21875
267660;228.96875
267720;236
267780;233.875
267840;230.9375
267900;231.0625
267960;230.9375
268020;232.125
268080;242.5
268140;246.0625
268200;245.65625
268260;240.5625
268320;230.28125
268380;225.9375
268440;223.9375
268500;220.65625
268560;213.21875
268620;211.125
268680;210.5
268740;206.34375
268800;202.9375
268860;200.9375
268920;199.46875
268980;196.875
269040;192.34375
269100;191.59375
269160;193
269220;193
269280;193
269340;194
269400;195
269460;195
269520;195
269580;195
269640;193.9375
269700;193
269760;194.0625
269820;193.9375
269880;192.4375
269940;192
270000;192.2105263
270060;193
270120;193
270180;191.40625
270240;188.9375
270300;190.125
270360;193.59375
270420;192.34375
270480;188.9375
270540;186.9375
270600;189.1875
270660;195.71875
270720;199
270780;194.21875
270840;190
270900;191.59375
270960;193
271020;200.4375
271080;203.28125
271140;198.40625
271200;198.0625
271260;195.28125
271320;188.8125
271380;185.46875
271440;182.875
271500;181
271560;181
271620;183.65625
271680;189.1875
271740;189.875
271800;189.0625
271860;190
271920;187.875
271980;186
272040;186
272100;186
272160;185.46875
272220;185
272280;185
272340;185
272400;183.9375
272460;181.9375
272520;181
272580;179.9375
272640;179
272700;178.46875
272760;178
272820;178
272880;174.8125
272940;170.40625
273000;167.875
273060;165.9375
273120;163.9375
273180;161.40625
273240;158.9375
273300;156.9375
273360;155.46875
273420;153.9375
273480;153
273540;151.9375
273600;151
273660;149.9375
273720;149
273780;149
273840;148.46875
273900;148
273960;148
274020;148
274080;146.9375
274140;146
274200;146
274260;144.9375
274320;144
274380;144
274440;145.0625
274500;146
274560;147.0625
274620;148.53125
274680;150.0625
274740;149.9375
274800;148.46875
274860;148
274920;148
274980;146.9375
275040;144.9375
275100;142.9375
275160;142
275220;141.46875
275280;141
275340;139.9375
275400;137.9375
275460;135.9375
275520;134.46875
275580;134
275640;132.9375
275700;130.9375
275760;130
275820;128.9375
275880;128
275940;127.4333333
276000;125.9375
276060;125
276120;125
276180;122.34375
276240;118.9375
276300;115.875
276360;113.46875
276420;113
276480;113
276540;111.9375
276600;111
276660;109.9375
276720;108
276780;107
276840;107
276900;105.9375
276960;103.40625
277020;103.59375
277080;105
277140;103.40625
277200;99.75
277260;99.0625
277320;101.0625
277380;97.21875
277440;91.40625
277500;90
277560;87.875
277620;87.0625
277680;86.9375
277740;88.125
277800;87.875
277860;86
277920;84.9375
277980;84
278040;83.46875
278100;84.40625
278160;86.9375
278220;86.9375
278280;84.40625
278340;83.53125
278400;83.5
278460;80.875
278520;79
278580;79
278640;80.0625
278700;82.0625
278760;81.125
278820;79
278880;79
278940;77.9375
279000;76.4375
279060;74.9375
279120;72.9375
279180;70.9375
279240;70
279300;69.4375
279360;67.9375
279420;67
279480;65.9375
279540;63.9375
279600;62.46875
279660;60.9375
279720;58.9375
279780;58
279840;58
279900;56.875
279960;54.40625
280020;51.9375
280080;52.0625
280140;50.875
280200;49
280260;49
280320;47.9375
280380;46.46875
280440;43.875
280500;42
280560;42
280620;42
280680;40.9375
280740;40
280800;39.46875
280860;39
280920;36.875
280980;36.0625
281040;35.9375
281100;33.9375
281160;34.0625
281220;35
281280;35
281340;35
281400;35
281460;35
281520;35
281580;33.9375
281640;33
281700;34.31914894
281760;33
281820;34.0625
281880;35
281940;33.40625
282000;30.9375
282060;30
282120;30
282180;28.9375
282240;26.9375
282300;26
282360;25.46875
282420;23.9375
282480;23
282540;21.9375
282600;19.9375
282660;19
282720;19
282780;18.46875
282840;16.9375
282900;14.9375
282960;12.9375
283020;12
283080;11.46875
283140;11.53125
283200;11.46875
283260;11
283320;9.9375
283380;9
283440;9
283500;9
283560;7.9375
283620;7
283680;5.9375
283740;5
283800;5
283860;5
283920;2.34375
283980;0
284040;0
284100;0
284160;0
284220;0
284280;0
284340;0
284400;0
284460;0
284520;0
284580;0
284640;0
284700;0
284760;0
284820;0
284880;0
284940;0
285000;0
285060;0
285120;0
285180;0
285240;0
285300;0
285360;0
285420;0
285480;0
285540;0
285600;0
285660;0
285720;0
285780;0
285840;0
285900;0
285960;0
286020;0
286080;0
286140;0
286200;0
286260;0
286320;0
286380;0
286440;0
286500;0
286560;0
286620;0
286680;0
286740;0
286800;0
286860;0
286920;0
286980;0
287040;0
287100;0
287160;0
287220;0
287280;0
287340;0
287400;0
287460;0
287520;0
287580;0
287640;0
287700;0
287760;0
287820;0
287880;0
287940;0
288000;0
288060;0
288120;0
288180;0
288240;0
288300;0
288360;0
288420;0
288480;0
288540;0
288600;0
288660;0
288720;0
288780;0
288840;0
288900;0
288960;0
289020;0
289080;0
289140;0
289200;0
289260;0
289320;0
289380;0
289440;0
289500;0
289560;0
289620;0
289680;0
289740;0
289800;0
289860;0
289920;0
289980;0
290040;0
290100;0
290160;0
290220;0
290280;0
290340;0
290400;0
290460;0
290520;0
290580;0
290640;0
290700;0
290760;0
290820;0
290880;0
290940;0
291000;0
291060;0
291120;0
291180;0
291240;0
291300;0
291360;0
291420;0
291480;0
291540;0
291600;0
291660;0
291720;0
291780;0
291840;0
291900;0
291960;0
292020;0
292080;0
292140;0
292200;0
292260;0
292320;0
292380;0
292440;0
292500;0
292560;0
292620;0
292680;0
292740;0
292800;0
292860;0
292920;0
292980;0
293040;0
293100;0
293160;0
293220;0
293280;0
293340;0
293400;0
293460;0
293520;0
293580;0
293640;0
293700;0
293760;0
293820;0
293880;0
293940;0
294000;0
294060;0
294120;0
294180;0
294240;0
294300;0
294360;0
294420;0
294480;0
294540;0
294600;0
294660;0
294720;0
294780;0
294840;0
294900;0
294960;0
295020;0
295080;0
295140;0
295200;0
295260;0
295320;0
295380;0
295440;0
295500;0
295560;0
295620;0
295680;0
295740;0
295800;0
295860;0
295920;0
295980;0
296040;0
296100;0
296160;0
296220;0
296280;0
296340;0
296400;0
296460;0
296520;0
296580;0
296640;0
296700;0
296760;0
296820;0
296880;0
296940;0
297000;0
297060;0
297120;0
297180;0
297240;0
297300;0
297360;0
297420;0
297480;0
297540;0
297600;0
297660;0
297720;0
297780;0
297840;0
297900;0
297960;0
298020;0
298080;0
298140;0
298200;0
298260;0
298320;0
298380;0
298440;0
298500;0
298560;0
298620;0
298680;0
298740;0
298800;0
298860;0
298920;0
298980;0
299040;0
299100;0
299160;0
299220;0
299280;0
299340;0
299400;0
299460;0
299520;0
299580;0
299640;0
299700;0
299760;0
299820;0
299880;0
299940;0
300000;0
300060;0
300120;0
300180;0
300240;0
300300;0
300360;0
300420;0
300480;0
300540;0
300600;0
300660;0
300720;0
300780;0
300840;0
300900;0
300960;0
301020;0
301080;0
301140;0
301200;0
301260;0
301320;0
301380;0
301440;0
301500;0
301560;0
301620;0
301680;0
301740;0
301800;0
301860;0
301920;0
301980;0
302040;0
302100;0
302160;0
302220;0
302280;0
302340;0
302400;0
302460;0
302520;0
302580;0
302640;0
302700;0
302760;0
302820;0
302880;0
302940;0
303000;0
303060;0
303120;0
303180;0
303240;0
303300;0
303360;0
303420;0
303480;0
303540;0
303600;0
303660;0
303720;0
303780;0
303840;0
303900;0
303960;0
304020;0
304080;0
304140;0
304200;0
304260;0
304320;0
304380;0
304440;0
304500;0
304560;0
304620;0
304680;0
304740;0
304800;0
304860;0
304920;0
304980;0
305040;0
305100;0
305160;0
305220;0
305280;0
305340;0
305400;0
305460;0
305520;0
305580;0
305640;0
305700;0
305760;0
305820;0
305880;0
305940;0
306000;0
306060;0
306120;0
306180;0
306240;0
306300;0
306360;0
306420;0
306480;0
306540;0
306600;0
306660;0
306720;0
306780;0
306840;0
306900;0
306960;0
307020;0
307080;0
307140;0
307200;0
307260;0
307320;0
307380;0
307440;0
307500;0
307560;0
307620;0
307680;0
307740;0
307800;0
307860;0
307920;0
307980;0
308040;0
308100;0
308160;0
308220;0
308280;0
308340;0
308400;0
308460;0
308520;0
308580;0
308640;0
308700;0
308760;0
308820;0
308880;0
308940;0
309000;0
309060;0
309120;0
309180;0
309240;0
309300;0
309360;0
309420;0
309480;0
309540;0
309600;0
309660;0
309720;0
309780;0
309840;0
309900;0
309960;0
310020;0
310080;0
310140;0
310200;0
310260;0
310320;0
310380;0
310440;0
310500;0
310560;0
310620;0
310680;0
310740;0
310800;0
310860;0
310920;0
310980;0
311040;0
311100;0
311160;0
311220;0
311280;0
311340;0
311400;0
311460;0
311520;0
311580;0
311640;0
311700;0
311760;0
311820;0
311880;0
311940;0
312000;0
312060;0
312120;0
312180;0
312240;0
312300;0
312360;0
312420;0
312480;0
312540;0
312600;0
312660;0
312720;0
312780;0
312840;0
312900;0
312960;0
313020;0
313080;0
313140;0
313200;0
313260;0
313320;0
313380;0
313440;0
313500;0
313560;0
313620;0
313680;0
313740;0
313800;0
313860;0
313920;0
313980;0
314040;0
314100;0
314160;0
314220;0
314280;0
314340;0
314400;0
314460;0
314520;0
314580;0
314640;0
314700;0
314760;0
314820;0
314880;0
314940;0
315000;0
315060;0
315120;0
315180;0
315240;0
315300;0
315360;0
315420;0
315480;0
315540;0
315600;0
315660;0
315720;0
315780;0
315840;0
315900;0
315960;0
316020;0
316080;0
316140;0
316200;0
316260;0
316320;0
316380;0
316440;0
316500;0
316560;0
316620;0
316680;0
316740;0
316800;0
316860;0
316920;0
316980;0
317040;0
317100;0
317160;0
317220;0
317280;0
317340;0
317400;0
317460;0
317520;0
317580;0
317640;0
317700;0
317760;0
317820;0
317880;0
317940;0
318000;0
318060;0
318120;0
318180;0
318240;0
318300;0
318360;0
318420;0
318480;0
318540;0
318600;0
318660;0
318720;0
318780;0
318840;0
318900;0
318960;0
319020;0
319080;0
319140;0
319200;0
319260;0
319320;0
319380;0
319440;0
319500;0
319560;0
319620;0
319680;0
319740;0
319800;0
319860;0
319920;0
319980;0
320040;0
320100;0
320160;0
320220;0
320280;0
320340;0
320400;0
320460;0
320520;0
320580;0
320640;0
320700;0
320760;0
320820;0
320880;0
320940;0
321000;0
321060;0
321120;0
321180;0
321240;0
321300;0
321360;0
321420;0
321480;0
321540;0
321600;0
321660;0
321720;0
321780;0
321840;0
321900;0
321960;0
322020;0
322080;0
322140;0
322200;0
322260;0
322320;0
322380;0
322440;0
322500;0
322560;0
322620;0
322680;0
322740;0
322800;0
322860;0
322920;0
322980;0
323040;0
323100;0
323160;0
323220;0
323280;0
323340;0
323400;0
323460;0
323520;0
323580;0
323640;0
323700;0
323760;0
323820;0
323880;0
323940;0
324000;0
324060;0
324120;0
324180;0
324240;0
324300;0
324360;0
324420;0
324480;0
324540;0
324600;0
324660;0
324720;0
324780;0
324840;0
324900;0
324960;0
325020;0
325080;0
325140;0
325200;0
325260;0
325320;0
325380;0
325440;0
325500;0
325560;0
325620;0
325680;0
325740;0
325800;0
325860;0
325920;0
325980;0
326040;0
326100;0
326160;0
326220;0
326280;0
326340;0
326400;0
326460;0
326520;0
326580;0
326640;0
326700;0
326760;0
326820;0
326880;0
326940;0
327000;0
327060;0
327120;0
327180;0
327240;0
327300;0
327360;0
327420;0
327480;0
327540;0
327600;0
327660;0
327720;0
327780;0
327840;0
327900;0
327960;0
328020;0
328080;0
328140;0
328200;0
328260;0
328320;0
328380;0
328440;0
328500;0
328560;0
328620;0
328680;0
328740;0
328800;0
328860;0
328920;0
328980;0
329040;0
329100;0
329160;0
329220;0
329280;0
329340;0
329400;0
329460;0
329520;0
329580;0
329640;0
329700;0
329760;0
329820;0
329880;0
329940;0
330000;0
330060;0
330120;0
330180;0
330240;0
330300;0
330360;0
330420;0
330480;0
330540;0
330600;0
330660;0
330720;0
330780;0
330840;0
330900;0
330960;0
331020;0
331080;0
331140;0
331200;0
331260;0
331320;2.65625
331380;5
331440;5
331500;5
331560;5
331620;6.0625
331680;7
331740;7
331800;7
331860;8.25
331920;9
331980;10.0625
332040;11.53125
332100;12
332160;12
332220;13.0625
332280;16.125
332340;18
332400;18.53125
332460;19.9375
332520;22.0625
332580;24.0625
332640;25
332700;25
332760;25.53125
332820;27.0625
332880;29.0625
332940;31.59375
333000;33
333060;35.125
333120;38.59375
333180;43.1875
333240;46.53125
333300;47
333360;42.75
333420;39.53125
333480;43.1875
333540;46
333600;44.9375
333660;44
333720;45.0625
333780;43.875
333840;42
333900;40.9375
333960;42.125
334020;48.78125
334080;55.65625
334140;60.65625
334200;64.71428571
334260;69
334320;69
334380;66.875
334440;63.40625
334500;61
334560;62.65625
334620;67.125
334680;69
334740;72.71875
334800;76.53125
334860;76.46875
334920;77.59375
334980;81.65625
335040;88.78125
335100;95.125
335160;104
335220;112.0625
335280;108.21875
335340;97.09375
335400;92.0625
335460;89.28125
335520;82.28125
335580;70.5
335640;59.0625
335700;53.34375
335760;48.875
335820;44.34375
335880;42
335940;42
336000;47.84375
336060;53
336120;49.8125
336180;50.1875
336240;50.875
336300;42.625
336360;39.65625
336420;44.65625
336480;47
336540;44.34375
336600;40.40625
336660;39
336720;37.9375
336780;42.3125
336840;48.0625
336900;47.9375
336960;44.34375
337020;40.9375
337080;38.40625
337140;33.28125
337200;31.59375
337260;35.125
337320;38.59375
337380;43.1875
337440;43.875
337500;39.34375
337560;38.59375
337620;40
337680;41.0625
337740;43.0625
337800;42.9375
337860;44.125
337920;46
337980;48.65625
338040;51
338100;48.875
338160;48.0625
338220;46.34375
338280;41.875
338340;39.46875
338400;39
338460;35.28125
338520;30.9375
338580;30
338640;31.0625
338700;32.53125
338760;34.0625
338820;35
338880;37.125
338940;41.65625
339000;44
339060;42.9375
339120;40.40625
339180;39
339240;38.125
339300;37
339360;35.9375
339420;35
339480;37.125
339540;40.59375
339600;44.125
339660;42.8125
339720;39.46875
339780;42.5
339840;46
339900;46.53125
339960;50.1875
340020;55.65625
340080;51.625
340140;43.875
340200;40.40625
340260;41.65625
340320;46.65625
340380;51.125
340440;53
340500;50.875
340560;49
340620;46.34375
340680;46.65625
340740;53.78125
340800;62.78125
340860;65.9375
340920;66.0625
340980;68.0625
341040;76.4375
341100;90.4375
341160;97.53125
341220;101.1875
341280;112.5
341340;117.875
341400;114.9375
341460;113.46875
341520;108.21875
341580;100.0625
341640;103.375
341700;109
341760;105.28125
341820;99.875
341880;93.75
341940;85.21875
342000;73.5625
342060;70.71875
342120;67.125
342180;59.28125
342240;58.125
342300;60
342360;67.4375
342420;71.34375
342480;66.875
342540;69.8125
342600;77.59375
342660;73
342720;69.65625
342780;74.125
342840;83.4375
342900;87.875
342960;98.21875
343020;114.84375
343080;111.5
343140;116.75
343200;133.84375
343260;128.90625
343320;157.1875
343380;171.9375
343440;166.625
343500;188.75
343560;196.28125
343620;193
343680;189.28125
343740;185.46875
343800;164.28125
343860;158.21875
343920;174.3125
343980;165.1875
344040;157.5
344100;183.25
344160;203.0625
344220;178.5
344280;157.0625
344340;163.84375
344400;182.8125
344460;188.625
344520;168.65625
344580;167.6875
344640;173.21875
344700;166.875
344760;165
344820;158.25
344880;146.625
344940;152.15625
345000;176.875
